timestamp,Left_Heel,Left_Middle,Left_Top
1734602756.2842815,240,0,0
1734602756.3440108,298,0,31
1734602756.400709,0,2774,86
1734602756.4716353,0,3275,242
1734602756.5311549,0,3299,382
1734602756.59243,0,3264,202
1734602756.6520748,0,3279,227
1734602756.71043,0,3289,262
1734602756.7716846,0,3226,192
1734602756.8317652,0,3276,197
1734602756.8918502,0,3282,208
1734602756.9526536,0,3287,186
1734602757.0045366,0,3286,199
1734602757.072888,0,3291,205
1734602757.1297436,326,0,227
1734602757.1923084,484,0,331
1734602757.3005388,832,0,252
1734602757.3731585,575,0,71
1734602757.421126,880,0,64
1734602757.4892285,675,0,109
1734602757.5491858,558,0,0
1734602757.6729095,424,0,0
1734602757.7211115,431,0,0
1734602757.7889204,464,0,0
1734602757.8527145,701,0,108
1734602757.9127672,721,0,198
1734602757.973875,0,85,204
1734602758.0293026,0,402,568
1734602758.0932126,0,619,1089
1734602758.141441,0,889,1755
1734602758.2060895,0,1211,2593
1734602758.2717917,1982,0,1262
1734602758.3828204,296,483,0
1734602758.451322,48,437,0
1734602758.512431,0,342,0
1734602758.5719595,0,288,0
1734602758.6218026,0,3253,286
1734602758.6922495,0,3186,271
1734602758.751475,0,3182,224
1734602758.8103163,0,3149,241
1734602758.873724,0,3133,283
1734602758.9312584,0,3063,324
1734602758.9842503,0,2869,335
1734602759.0482228,0,2919,369
1734602759.1122093,0,2898,394
1734602759.1725688,0,2883,400
1734602759.2307148,0,2982,432
1734602759.291708,0,2865,425
1734602759.3989294,0,208,3041
1734602759.4731197,0,1920,3485
1734602759.528017,0,1872,4095
1734602759.5919466,0,2531,4095
1734602759.647825,0,2539,4095
1734602759.7047496,0,3650,4095
1734602759.825328,0,4095,4039
1734602759.8932507,177,3482,2735
1734602759.9520981,476,2657,70
1734602760.013107,538,3248,179
1734602760.0738597,464,3247,181
1734602760.1884127,0,2751,380
1734602760.2480028,0,2849,426
1734602760.3123713,0,2903,448
1734602760.3597445,0,2867,446
1734602760.4260094,0,2917,453
1734602760.4908285,0,2997,451
1734602760.5521827,0,2870,368
1734602760.6079738,0,2939,368
1734602760.6718194,0,2893,348
1734602760.7200444,0,2958,315
1734602760.7889628,0,2769,240
1734602760.8473022,0,2467,170
1734602760.9129984,0,2251,3923
1734602760.9600792,0,3245,3109
1734602761.0332537,0,2864,3986
1734602761.1527958,0,2943,4095
1734602761.2025666,0,3478,4095
1734602761.2728,0,2828,4095
1734602761.3822017,0,4095,3622
1734602761.4432974,0,4095,3003
1734602761.4994109,0,3895,2347
1734602761.5721095,0,3707,1938
1734602761.622127,0,3679,1967
1734602761.6878295,889,1667,0
1734602761.749431,1059,903,0
1734602761.8586366,1195,13,0
1734602761.9299135,1382,0,0
1734602761.992995,891,26,0
1734602762.0481415,1202,208,0
1734602762.160914,1791,1507,0
1734602762.226056,1693,2803,91
1734602762.292728,1531,3273,177
1734602762.3522906,1616,3274,179
1734602762.405152,2368,0,593
1734602762.4728222,553,36,82
1734602762.5305674,1775,194,1722
1734602762.5940819,3367,559,3631
1734602762.652509,2781,631,3615
1734602762.7061276,0,3583,4095
1734602762.7699776,0,3217,4095
1734602762.8835099,0,3505,826
1734602762.949818,0,3458,758
1734602763.0086575,0,3248,717
1734602763.0737321,0,1151,450
1734602763.129175,1911,3084,143
1734602763.1930587,2027,2263,11
1734602763.2488568,4095,2045,0
1734602763.374204,4095,314,0
1734602763.4325864,4095,0,0
1734602763.4874637,4095,0,0
1734602763.552082,4095,0,0
1734602763.6696918,4095,0,0
1734602763.7221568,4095,0,0
1734602763.7885063,4095,0,0
1734602763.851506,1535,0,3634
1734602763.910379,0,784,4095
1734602763.9686825,0,3421,4095
1734602764.0294957,0,2233,3821
1734602764.0924082,0,3523,912
1734602764.152578,0,3562,919
1734602764.212265,62,1217,935
1734602764.2719023,0,2783,989
1734602764.332523,0,3121,739
1734602764.3896399,137,1084,55
1734602764.4496527,0,273,0
1734602764.50336,0,1578,68
1734602764.5719526,4095,0,0
1734602764.6312282,4095,0,0
1734602764.6940775,4095,0,0
1734602764.747765,4095,0,0
1734602764.8101573,4095,0,0
1734602764.872607,4095,0,0
1734602764.9324014,4095,0,0
1734602764.9841135,4095,0,0
1734602765.0510986,4095,0,0
1734602765.2271576,4095,0,0
1734602765.2911594,720,368,550
1734602765.351849,1423,106,1326
1734602765.411363,579,50,594
1734602765.473645,135,0,292
1734602765.5230296,401,0,637
1734602765.5922844,139,82,400
1734602765.639091,0,613,205
1734602765.7038581,0,606,231
1734602765.7732449,0,1387,303
1734602765.8904636,0,3269,528
1734602765.952565,0,3184,511
1734602766.012583,4095,0,0
1734602766.0720375,4095,0,0
1734602766.1286213,4095,0,0
1734602766.187005,4095,0,0
1734602766.2467995,4095,0,0
1734602766.3123064,4095,0,0
1734602766.3729906,4095,0,0
1734602766.426051,4095,0,0
1734602766.5476902,4095,0,374
1734602766.6091359,3658,454,0
1734602766.6693332,4095,0,371
1734602766.7894902,4095,507,3471
1734602766.853145,0,0,270
1734602766.90858,0,0,304
1734602766.970083,0,0,272
1734602767.0286148,0,0,281
1734602767.092373,0,0,307
1734602767.1465266,0,16,319
1734602767.2107584,0,83,358
1734602767.2586122,0,209,313
1734602767.3301399,0,343,320
1734602767.391716,0,577,317
1734602767.449265,0,826,345
1734602767.5121865,0,1101,355
1734602767.5717876,4095,0,2537
1734602767.6265655,4095,422,2559
1734602767.691561,1787,463,788
1734602767.737726,862,0,6
1734602767.8054397,1349,0,497
1734602767.9877174,875,0,70
1734602768.0971415,919,0,57
1734602768.1639009,1131,0,266
1734602768.2299123,1326,0,494
1734602768.2928925,0,3280,478
1734602768.4093022,0,3392,479
1734602768.467967,0,3391,479
1734602768.5255451,0,3398,483
1734602768.6386693,0,3265,484
1734602768.712155,0,3402,481
1734602768.7703726,0,3401,459
1734602768.8309667,0,3386,445
1734602768.892629,0,3392,422
1734602768.9451241,0,3379,399
1734602769.0119796,2443,0,2451
1734602769.1322634,1411,311,2096
1734602769.1861875,1227,336,2199
1734602769.3081498,0,738,1488
1734602769.430982,0,655,4017
1734602769.4919336,0,687,4016
1734602769.5488744,0,666,4074
1734602769.6102896,0,918,4095
1734602769.7869499,0,3339,439
1734602769.9015372,0,3344,472
1734602769.9705255,0,3371,498
1734602770.0920935,0,3218,463
1734602770.1416826,0,3327,471
1734602770.272824,0,2958,413
1734602770.3255959,0,2853,389
1734602770.391511,0,3114,432
1734602770.5038242,0,3038,417
1734602770.6242046,1490,0,0
1734602770.6922119,1535,0,0
1734602770.7518668,1760,0,85
1734602770.8004968,2101,0,390
1734602770.9277232,3273,0,1273
1734602771.0483246,2864,68,1104
1734602771.1051643,3253,141,1392
1734602771.2322211,2703,37,905
1734602771.2897134,1587,0,0
1734602771.4079816,0,2870,336
1734602771.5195372,0,2597,320
1734602771.5900874,0,2342,306
1734602771.647744,0,2297,316
1734602771.7587507,0,1456,240
1734602771.830524,0,2326,332
1734602771.8940246,0,2672,367
1734602772.0062804,0,2694,368
1734602772.11978,2747,0,511
1734602772.191214,2533,0,368
1734602772.2474997,2640,0,461
1734602772.3585792,2896,0,695
1734602772.4240494,3377,50,1068
1734602772.5464795,2130,0,66
1734602772.607028,2924,9,753
1734602772.6719499,2347,0,247
1734602772.7277517,1936,0,0
1734602772.7925527,2353,0,290
1734602772.8491287,0,3259,511
1734602772.9124167,0,3427,496
1734602772.9735334,0,3395,495
1734602773.0319588,0,3385,486
1734602773.093202,0,3398,481
1734602773.1525059,0,3379,437
1734602773.2707179,0,3264,437
1734602773.3813615,0,3378,454
1734602773.4431348,0,3373,462
1734602773.5010056,0,3422,486
1734602773.5750115,0,3391,490
1734602773.6899848,4095,355,2539
1734602773.7448604,3926,297,2044
1734602773.8089988,1878,55,1067
1734602773.8717449,4095,502,3043
1734602773.9236872,4095,447,2854
1734602773.9913952,4095,0,2813
1734602774.0393682,4095,349,2398
1734602774.1042013,4095,302,2192
1734602774.172664,4095,256,1902
1734602774.2332463,2806,137,963
1734602774.2905998,2011,0,0
1734602774.3368988,0,3259,382
1734602774.4015589,0,3342,394
1734602774.5211847,0,3425,403
1734602774.5961945,0,3357,391
1734602774.6451943,0,3351,385
1734602774.7109854,0,3349,396
1734602774.7586353,0,3259,369
1734602774.8258731,0,3345,385
1734602774.8928075,0,3291,368
1734602774.9401524,0,3363,391
1734602775.0047312,0,3363,400
1734602775.0726907,0,3229,375
1734602775.1250925,4095,0,3559
1734602775.188579,3803,381,2372
1734602775.3093388,1773,70,1013
1734602775.3730793,4095,304,2285
1734602775.421281,4095,301,2118
1734602775.4927495,4095,91,1200
1734602775.5410278,4095,0,880
1734602775.5979307,4095,15,919
1734602775.67214,4095,0,791
1734602775.727917,3189,0,837
1734602775.7931812,3063,151,1479
1734602775.8477492,2538,251,1847
1734602775.9602547,0,2996,368
1734602776.0336046,0,2904,347
1734602776.152736,0,3134,385
1734602776.2724988,0,3069,373
1734602776.3286245,0,3167,398
1734602776.4407222,0,3095,400
1734602776.5073495,0,2981,394
1734602776.622065,4095,0,2256
1734602776.74172,4095,305,2310
1734602776.8001707,4095,310,2319
1734602776.8707302,4095,321,2179
1734602776.9248366,4095,330,2193
1734602777.0504549,3532,486,1665
1734602777.1732206,3434,240,1808
1734602777.2280908,2895,155,1446
1734602777.3526826,3899,285,2096
1734602777.4087665,4095,335,2391
1734602777.5295901,0,2193,263
1734602777.5914655,0,3337,382
1734602777.6520236,0,3313,385
1734602777.7023208,0,3331,407
1734602777.7733107,0,3333,419
1734602777.8330555,0,3225,304
1734602777.8836284,0,3331,346
1734602777.9432,0,3325,361
1734602778.0127294,0,3355,378
1734602778.070553,0,3357,384
1734602778.12915,0,3363,386
1734602778.1927326,2019,0,866
1734602778.2436073,1713,0,635
1734602778.3117075,1949,0,773
1734602778.3591886,2555,87,1207
1734602778.4255662,3441,226,1823
1734602778.4938264,4095,288,2197
1734602778.5531452,4095,0,2195
1734602778.6084936,4095,307,2143
1734602778.6722326,4095,286,2096
1734602778.7910018,4095,273,2099
1734602778.8525805,3955,305,2272
1734602778.9051077,4095,0,637
1734602778.9727542,0,3247,378
1734602779.0230477,0,3354,395
1734602779.0879116,0,3377,400
1734602779.151048,0,3378,397
1734602779.2058048,0,3371,389
1734602779.2715917,0,3378,393
1734602779.3324034,0,3251,377
1734602779.3832238,0,3369,370
1734602779.4520438,0,3379,356
1734602779.5111425,0,3374,336
1734602779.5720682,0,3357,318
1734602779.6313758,0,3350,309
1734602779.6918335,4095,0,2159
1734602779.7527695,4095,272,2210
1734602779.8116565,4095,281,2173
1734602779.8719401,4095,281,2169
1734602779.922549,4095,275,2165
1734602779.992508,4095,277,2186
1734602780.0504656,4095,0,2173
1734602780.1077843,4095,283,2192
1734602780.2187777,4095,287,2217
1734602780.289368,4095,298,2227
1734602780.3475323,4095,303,2263
1734602780.40833,4095,305,2266
1734602780.4731598,0,3248,486
1734602780.526434,0,3413,483
1734602780.5917258,0,3407,486
1734602780.6395402,0,3374,345
1734602780.7117102,0,3376,359
1734602780.7591748,0,3359,368
1734602780.825709,0,3247,363
1734602780.889917,0,3370,351
1734602780.9378655,0,3349,335
1734602781.010282,0,3350,352
1734602781.0704813,0,3344,250
1734602781.1177998,0,3342,223
1734602781.189467,4095,0,2270
1734602781.2531288,4095,338,2241
1734602781.3108401,3886,283,2087
1734602781.358214,4095,310,2275
1734602781.4308407,1900,310,579
1734602781.482464,2722,87,1422
1734602781.544068,4095,0,2400
1734602781.6115513,3807,338,2192
1734602781.673149,1930,0,709
1734602781.727572,3777,304,2128
1734602781.79221,1075,1495,0
1734602781.9126763,0,3258,479
1734602782.019169,0,3414,464
1734602782.0841236,0,3402,436
1734602782.1468182,0,3413,428
1734602782.210851,0,3410,402
1734602782.2586696,0,3258,384
1734602782.3224826,0,3401,356
1734602782.3916533,0,3407,337
1734602782.4510891,0,3408,317
1734602782.5135922,0,3406,288
1734602782.572442,0,3376,269
1734602782.6265483,4095,0,1937
1734602782.691253,4095,285,2055
1734602782.7401288,3533,210,1729
1734602782.8044996,4095,285,2045
1734602782.8722255,3713,241,1807
1734602782.925034,2387,4,785
1734602782.9915524,4095,0,1990
1734602783.046965,3583,266,1776
1734602783.1580274,4095,246,2235
1734602783.221634,4095,311,2288
1734602783.2934113,3603,275,1982
1734602783.3418665,0,3271,171
1734602783.405819,0,3341,189
1734602783.4780521,0,3376,210
1734602783.5265267,0,3375,203
1734602783.5935562,0,3367,198
1734602783.6530917,0,3376,188
1734602783.7034209,0,3298,175
1734602783.7716022,0,3322,182
1734602783.8812017,0,3316,192
1734602783.9415827,0,3312,187
1734602784.006097,0,3319,185
1734602784.07256,1595,0,40
1734602784.120165,1809,0,219
1734602784.1894658,2729,47,1018
1734602784.2480302,2775,67,1054
1734602784.312784,3726,203,1730
1734602784.371747,4095,258,2031
1734602784.431238,4095,0,1862
1734602784.5441155,4095,98,1311
1734602784.6590972,4095,0,0
1734602784.726656,4095,0,0
1734602784.7900865,0,3204,795
1734602784.8457813,0,3373,478
1734602784.902359,0,3363,417
1734602784.9732387,0,3278,170
1734602785.0295155,0,3296,164
1734602785.093806,0,3312,156
1734602785.1421216,0,3255,161
1734602785.207218,16,3307,156
1734602785.271872,25,3319,160
1734602785.3204226,50,3312,160
1734602785.3921452,64,3311,164
1734602785.4401226,51,3309,163
1734602785.5045485,2813,0,2221
1734602785.5729375,1722,141,1375
1734602785.6324403,976,7,649
1734602785.6892672,274,34,0
1734602785.7529309,385,603,0
1734602785.8009021,650,1040,0
1734602785.872244,858,1121,0
1734602785.9280875,379,1375,0
1734602785.9939327,485,1423,0
1734602786.0502455,1414,1459,0
1734602786.0989263,1264,762,0
1734602786.1722293,760,226,0
1734602786.2259114,0,2591,727
1734602786.292776,0,3167,374
1734602786.3381486,0,3154,247
1734602786.401524,0,1930,48
1734602786.4737723,0,3282,191
1734602786.5301783,0,3298,177
1734602786.6424131,0,3245,174
1734602786.7069364,0,3289,171
1734602786.777119,0,3300,160
1734602786.8306375,0,3317,161
1734602786.8872614,0,3321,163
1734602786.951072,0,3327,161
1734602787.0122788,4095,0,0
1734602787.0584936,4095,0,0
1734602787.133635,4095,0,0
1734602787.1854527,4095,0,0
1734602787.2458198,4095,0,0
1734602787.3108788,4095,0,0
1734602787.373417,4095,0,0
1734602787.4219825,4095,0,0
1734602787.488673,4095,0,0
1734602787.5499737,4095,2526,21
1734602787.6132572,4095,0,496
1734602787.6633756,4095,106,1371
1734602787.7262855,0,3230,204
1734602787.790048,0,3351,193
1734602787.8375537,0,3367,183
1734602787.9030516,0,3362,183
1734602787.9712453,0,3377,176
1734602788.0316546,0,3378,166
1734602788.1440732,0,3317,168
1734602788.2125773,0,3380,160
1734602788.2591617,0,3364,160
1734602788.330643,0,3344,153
1734602788.3842776,0,3332,162
1734602788.4429305,0,3333,158
1734602788.5016828,4095,0,2226
1734602788.5751917,4095,319,2253
1734602788.6284225,3327,227,1767
1734602788.6923563,4095,304,2268
1734602788.8039796,4095,341,2273
1734602788.8724923,4095,0,2256
1734602788.9239624,4095,329,2346
1734602788.9926789,4095,338,2310
1734602789.040255,3564,272,1975
1734602789.105204,2779,178,1385
1734602789.2251265,0,3247,190
1734602789.2870631,0,3345,198
1734602789.3463998,0,3329,203
1734602789.4117517,0,3341,201
1734602789.4765885,0,3341,206
1734602789.5320952,0,3335,217
1734602789.5851996,0,3242,229
1734602789.6490347,0,3329,234
1734602789.6978667,0,3326,254
1734602789.7617047,0,3333,269
1734602789.8269913,0,3335,287
1734602789.8865385,0,3335,288
1734602789.9459326,4095,2104,0
1734602790.0113623,4095,2038,0
1734602790.0588362,4095,453,3323
1734602790.1272051,4095,343,2235
1734602790.192243,4095,0,0
1734602790.250862,4095,22,1165
1734602790.3091433,4095,0,1525
1734602790.3713274,4095,0,0
1734602790.4278362,4095,0,101
1734602790.492998,4095,0,540
1734602790.540737,4095,0,0
1734602790.6065207,4095,26,0
1734602790.6710365,565,3237,176
1734602790.7320223,623,3285,165
1734602790.7919347,607,3057,123
1734602790.8398414,577,3083,127
1734602790.9065216,555,3003,115
1734602790.9726017,523,2893,93
1734602791.0321422,413,2842,89
1734602791.0919201,411,2906,102
1734602791.1531012,363,2655,62
1734602791.209279,293,2559,47
1734602791.3299735,182,2331,13
1734602791.3929398,1520,0,89
1734602791.4498346,1558,0,118
1734602791.5130591,1617,0,170
1734602791.5731597,1616,0,166
1734602791.6301532,1837,0,380
1734602791.6892219,2039,0,611
1734602791.8114402,2000,0,642
1734602791.869309,2106,12,799
1734602791.9324687,2501,112,1267
1734602791.9923167,2395,120,1264
1734602792.0429842,2096,80,1105
1734602792.1113741,0,3286,240
1734602792.1740668,0,3185,227
1734602792.2312164,0,3236,256
1734602792.2931838,0,3397,322
1734602792.3512948,0,3363,341
1734602792.4132543,0,3350,329
1734602792.5318666,0,3232,347
1734602792.5893023,0,3169,346
1734602792.644694,0,2839,253
1734602792.7082107,0,2207,137
1734602792.8327787,0,0,4095
1734602792.949501,0,1220,4095
1734602793.0129302,0,2602,4095
1734602793.0609956,0,1718,4095
1734602793.1332147,0,2285,4095
1734602793.1933377,0,2949,4095
1734602793.2525363,0,2745,4095
1734602793.371649,0,2477,4094
1734602793.433598,0,4095,3011
1734602793.483754,0,3717,2033
1734602793.5423055,0,3350,727
1734602793.6069565,107,351,0
1734602793.6730468,114,1073,0
1734602793.7269747,144,1862,0
1734602793.7923293,175,2592,47
1734602793.8471987,208,2959,97
1734602793.9611957,353,3263,157
1734602794.027259,681,3101,128
1734602794.0927923,960,2942,109
1734602794.1518278,1133,2767,79
1734602794.2044833,1239,2559,48
1734602794.2727554,1328,2213,0
1734602794.327135,0,2891,4095
1734602794.3923597,0,4095,4095
1734602794.4479744,222,2471,2129
1734602794.5129898,0,3437,911
1734602794.559493,0,3248,225
1734602794.6250203,0,3278,287
1734602794.6928167,0,3175,849
1734602794.8118527,0,3265,195
1734602794.872682,0,3263,205
1734602794.9233227,3136,2837,103
1734602794.988194,1648,2691,73
1734602795.0518236,763,3067,129
1734602795.1127264,1023,3307,176
1734602795.1710856,1182,3267,170
1734602795.2312229,1215,3297,174
1734602795.287887,1283,3299,172
1734602795.3428457,1317,3308,173
1734602795.4066029,4095,3283,0
1734602795.5336022,1698,3284,172
1734602795.592569,1747,3183,173
1734602795.6383533,4095,3307,0
1734602795.7024405,4095,3290,0
1734602795.8245265,979,0,315
1734602795.8885925,1151,0,669
1734602795.9530044,1535,112,1325
1734602796.001201,4095,527,3531
1734602796.0746872,3842,624,3628
1734602796.1305318,2544,112,2542
1734602796.1864874,0,3152,704
1734602796.25008,0,3407,841
1734602796.298283,1114,1456,1664
1734602796.3708346,0,2117,629
1734602796.431304,0,3267,793
1734602796.5519123,4095,304,2324
1734602796.602963,4095,304,2283
1734602796.6725476,4095,315,2249
1734602796.7331169,3835,288,2038
1734602796.7917974,4095,302,2212
1734602796.912331,4095,0,2165
1734602796.9728794,4095,290,2234
1734602797.0891364,4095,297,2227
1734602797.1525595,4095,310,2265
1734602797.2072642,4095,314,2294
1734602797.2744868,4095,334,2317
1734602797.391579,0,684,208
1734602797.498355,0,34,257
1734602797.5739927,0,1172,238
1734602797.6251547,0,2985,443
1734602797.7523556,0,3270,493
1734602797.859852,0,3456,470
1734602797.932701,0,3431,465
1734602797.9910965,0,3439,458
1734602798.0409756,0,3433,439
1734602798.1031048,4095,0,0
1734602798.1729112,4095,0,5
1734602798.2325156,4095,0,31
1734602798.2876742,4095,0,0
1734602798.3491356,4095,0,0
1734602798.413532,4095,0,0
1734602798.473105,4095,0,0
1734602798.5321531,4095,475,2742
1734602798.65143,574,1228,0
1734602798.7124867,3599,269,2445
1734602798.8328924,2667,228,1711
1734602798.9529798,0,3391,238
1734602799.0068808,0,3373,209
1734602799.0701213,0,3370,193
1734602799.1293612,0,3352,179
1734602799.1925383,0,3349,163
1734602799.2429833,0,3297,161
1734602799.3128304,0,3312,166
1734602799.3721213,0,3325,168
1734602799.4318206,0,3317,166
1734602799.483267,0,3323,163
1734602799.5441134,0,3327,164
1734602799.5992334,1897,0,569
1734602799.670137,1405,0,187
1734602799.7335513,1377,0,176
1734602799.7857614,1405,0,334
1734602799.8442216,1406,0,329
1734602799.8995075,1488,0,437
1734602799.972798,1872,0,746
1734602800.0266762,1705,0,719
1734602800.1453326,1245,0,442
1734602800.2086496,817,0,151
1734602800.2722592,471,211,0
1734602800.320751,75,2544,37
1734602800.4479845,21,2218,0
1734602800.5061722,7,1901,0
1734602800.6197588,0,533,0
1734602800.692823,82,0,89
1734602800.8065534,561,0,496
1734602800.9187179,880,23,933
1734602801.0501065,1327,118,1378
1734602801.1039584,1602,176,1671
1734602801.172561,2078,275,2131
1734602801.294131,1595,0,731
1734602801.3997684,1794,52,986
1734602801.4702778,1672,84,928
1734602801.5304248,948,0,322
1734602801.6510994,1957,0,1183
1734602801.7066627,732,76,230
1734602801.8250055,289,1535,0
1734602801.892225,268,3251,176
1734602802.0580456,1237,0,1449
1734602802.1305034,987,123,1360
1734602802.1920912,1131,145,1489
1734602802.3032038,1345,176,1632
1734602802.3713288,1526,205,1821
1734602802.4293058,2691,0,2608
1734602802.5494957,2559,443,2725
1734602802.726083,2797,528,3093
1734602802.8497589,2726,569,3269
1734602802.9059067,0,3229,168
1734602803.028133,0,3274,167
1734602803.0900545,0,3273,169
1734602803.1509442,0,3299,163
1734602803.2706683,0,3302,160
1734602803.3832715,0,3323,155
1734602803.4516826,0,3325,156
1734602803.5108218,22,3317,149
1734602803.5735178,52,3333,155
1734602803.6921887,112,3339,154
1734602803.7526102,4095,0,0
1734602803.8120382,4095,0,0
1734602803.8621297,4095,0,0
1734602803.9313364,4095,0,0
1734602803.9832332,931,0,848
1734602804.099402,2240,511,2032
1734602804.1723404,1666,0,1282
1734602804.2284503,54,757,0
1734602804.2928548,463,0,320
1734602804.4605906,639,0,451
1734602804.5300593,433,0,280
1734602804.5878427,973,14,763
1734602804.8858626,198,3285,173
1734602804.9475095,239,3314,170
1734602804.9984667,225,2999,112
1734602805.0721054,208,2589,39
1734602805.1253395,190,2128,0
1734602805.191766,149,1126,0
1734602805.2516172,287,178,89
1734602805.308154,498,0,400
1734602805.3710465,965,16,935
1734602805.4317787,1825,208,1855
1734602805.4882846,2534,390,2633
1734602805.607039,3613,550,3638
1734602805.6705384,1002,1306,83
1734602805.7274046,592,2541,48
1734602805.8467324,470,2992,112
1734602805.913418,358,3242,176
1734602806.0246608,306,3059,133
1734602806.2072327,246,3012,119
1734602806.2708652,261,2637,60
1734602806.3839993,228,2123,0
1734602806.4593089,201,1995,0
1734602806.511328,181,2016,0
1734602806.559599,175,2153,0
1734602806.6930208,178,2213,0
1734602806.874451,2669,279,2085
1734602806.9247963,4095,474,2955
1734602807.0558178,1755,98,1154
1734602807.1017632,623,0,72
1734602807.173309,715,0,67
1734602807.2360182,881,0,271
1734602807.2923973,731,0,96
1734602807.3474615,912,0,259
1734602807.413017,985,0,303
1734602807.4609253,701,0,49
1734602807.5295048,0,528,113
1734602807.593514,0,554,112
1734602807.6500416,0,544,80
1734602807.7060578,0,562,81
1734602807.7726452,0,579,68
1734602807.8189025,0,595,69
1734602808.0125563,0,621,49
1734602808.0606353,0,620,46
1734602808.129481,0,622,46
1734602808.298165,0,3221,204
1734602808.362285,0,3277,208
1734602808.4904459,0,3305,211
1734602808.5525334,0,3268,199
1734602808.608421,0,3287,206
1734602808.7309344,0,3056,144
1734602808.7839432,0,3043,139
1734602808.8426943,0,2989,135
1734602808.970487,0,3294,192
1734602809.1415792,22,2976,103
1734602809.333293,0,2059,10
1734602809.3923166,0,2834,109
1734602809.509528,0,2992,144
1734602809.563217,0,3088,162
1734602809.6821043,0,3286,210
1734602809.8633847,0,3291,212
1734602809.9906313,0,3038,158
1734602810.0385382,4095,0,3734
1734602810.1715434,3649,539,3638
1734602810.3528893,3475,569,3647
1734602810.412374,3466,562,3636
1734602810.5323305,3490,571,3650
1734602810.6396298,3473,605,3643
1734602810.8330739,2846,511,2951
1734602810.8906486,2476,421,2545
1734602811.0013747,1185,0,640
1734602811.2425497,311,3258,169
1734602811.3075054,249,3265,146
1734602811.3711827,375,3329,146
1734602811.490315,266,3316,159
1734602811.5383325,67,3311,158
1734602811.6717288,80,3331,151
1734602811.7828853,3344,0,2037
1734602811.8496695,1971,83,1077
1734602811.9060152,993,0,163
1734602811.975479,724,0,0
1734602812.086806,741,64,0
1734602812.1471734,807,0,0
1734602812.2109334,1249,0,423
1734602812.2671587,785,234,47
1734602812.330455,760,403,0
1734602812.3913565,816,65,0
1734602812.5054295,0,3294,176
1734602812.6306188,0,3351,178
1734602812.747734,0,3345,177
1734602812.8682525,0,3345,181
1734602812.983055,0,3357,208
1734602813.0470421,0,3346,223
1734602813.1729906,0,3349,243
1734602813.2874107,0,2480,166
1734602813.4072218,489,3239,177
1734602813.4722717,491,3142,147
1734602813.5268235,401,3254,176
1734602813.706784,291,2688,67
1734602813.8272722,317,1289,0
1734602813.8912191,645,1307,0
1734602813.9514258,774,327,0
1734602814.0045056,1038,938,0
1734602814.0726576,4048,0,3723
1734602814.131897,3734,541,3645
1734602814.1923335,3812,539,3657
1734602814.2388911,3824,540,3658
1734602814.3709598,3829,551,3655
1734602814.4316232,4095,0,3705
1734602814.491695,3707,602,3651
1734602814.6031501,3024,528,3043
1734602814.6719563,3189,511,3171
1734602814.7219608,3319,525,3022
1734602814.7875626,2704,402,2285
1734602814.847675,2603,0,1387
1734602814.9127321,3291,357,2159
1734602814.9741607,381,2412,16
1734602815.0290298,818,1161,0
1734602815.1510406,715,3292,158
1734602815.2038007,703,3248,163
1734602815.272178,327,3308,155
1734602815.3302102,409,3319,147
1734602815.4469612,473,3330,151
1734602815.5106647,528,3303,163
1734602815.574253,551,3330,155
1734602815.632555,0,909,303
1734602815.752543,0,883,252
1734602815.8734953,0,129,178
1734602815.9328291,282,0,279
1734602815.9911277,966,0,0
1734602816.053301,2962,0,0
1734602816.1029325,3312,0,79
1734602816.1702507,3964,131,1439
1734602816.2219906,4095,208,1783
1734602816.292645,4095,0,705
1734602816.3424368,4095,0,16
1734602816.4067342,4095,0,0
1734602816.5202096,156,3252,161
1734602816.5879564,23,3312,155
1734602816.6513608,130,3277,153
1734602816.7125392,127,3310,162
1734602816.7721794,166,3323,160
1734602816.826442,154,3350,159
1734602816.8878417,144,3241,156
1734602816.9483821,193,3322,154
1734602817.0126781,211,3303,164
1734602817.059209,255,3286,162
1734602817.1223533,240,3294,172
1734602817.1926384,224,3287,163
1734602817.242974,4095,0,2496
1734602817.2983837,4095,267,2007
1734602817.3719063,4095,171,1603
1734602817.4906096,4095,118,1390
1734602817.553812,4095,0,804
1734602817.671809,4095,0,186
1734602817.7311084,4095,0,0
1734602817.7831435,4095,0,0
1734602817.849063,4095,1902,0
1734602817.9120421,4095,3015,34
1734602817.9719465,4095,1913,0
1734602818.0328882,4095,1129,0
1734602818.1378753,0,3422,333
1734602818.2134175,0,3408,309
1734602818.3210068,0,3382,297
1734602818.3871448,0,3394,304
1734602818.4523168,0,3249,303
1734602818.4989188,0,3392,313
1734602818.571022,0,3374,325
1734602818.6263552,0,3374,337
1734602818.6922383,0,3227,336
1734602818.7389526,0,2539,269
1734602818.8107226,1491,1126,306
1734602818.8713646,1046,212,0
1734602818.9314213,3856,287,2305
1734602818.9894106,3553,345,2217
1734602819.0524242,1418,0,450
1734602819.1060991,1152,0,330
1734602819.2328813,1801,122,1087
1734602819.3501399,511,0,79
1734602819.4022303,576,0,197
1734602819.473828,176,690,0
1734602819.5322587,0,1153,229
1734602819.5931635,0,1494,235
1734602819.7047474,0,3389,320
1734602819.8207948,0,3295,171
1734602819.8841662,77,3269,163
1734602820.0133514,458,3309,155
1734602820.1942363,784,3318,163
1734602820.3100872,304,2987,118
1734602820.3705943,654,1118,0
1734602820.425749,645,511,0
1734602820.5389764,4095,370,2829
1734602820.673852,4095,0,3218
1734602820.7892377,0,3242,166
1734602820.8366835,0,3205,176
1734602820.9765017,0,3312,243
1734602821.0317154,0,3390,266
1734602821.0882885,0,3177,371
1734602821.1518295,1430,803,29
1734602821.2791045,2642,68,1159
1734602821.318786,3994,281,2035
1734602821.4406047,4053,285,2054
1734602821.5025334,4095,293,2106
1734602821.5729175,4095,275,2159
1734602821.6230295,3632,208,1677
1734602821.6932795,4095,301,2099
1734602821.7502208,4095,289,2210
1734602821.862475,3357,239,1775
1734602821.925397,2955,156,1498
1734602822.0525334,0,0,304
1734602822.1126478,0,0,294
1734602822.1603653,0,0,282
1734602822.2258484,0,35,147
1734602822.2930453,0,206,140
1734602822.3394268,0,701,144
1734602822.410315,0,1981,266
1734602822.5855966,0,3408,425
1734602822.7717116,0,3414,389
1734602822.8257015,0,3421,386
1734602822.9417067,60,1293,0
1734602823.0129557,63,1532,0
1734602823.0630438,144,1841,21
1734602823.1319797,0,3254,169
1734602823.1918325,0,3247,176
1734602823.2533665,0,3220,171
1734602823.3133328,0,3254,165
1734602823.3608649,9,3249,173
1734602823.4323835,97,3136,141
1734602823.4923093,158,3267,176
1734602823.5526373,266,3248,172
1734602823.604494,674,1872,0
1734602823.6740172,560,3034,112
1734602823.725614,570,3280,175
1734602823.7921422,542,3267,170
1734602823.8523772,604,3269,173
1734602823.970612,639,2976,109
1734602824.0332112,750,2767,71
1734602824.1374867,833,2832,89
1734602824.2127905,960,2918,99
1734602824.2726731,1061,1821,0
1734602824.3290596,50,2384,395
1734602824.394062,0,2783,482
1734602824.513099,0,2942,552
1734602824.5729837,0,1879,465
1734602824.6196375,0,2231,511
1734602824.7411883,0,2559,464
1734602824.873897,0,2927,540
1734602824.9237964,0,3057,559
1734602824.991235,0,2614,511
1734602825.1129367,0,720,275
1734602825.1726642,4095,0,2462
1734602825.228536,2684,160,1399
1734602825.2925158,2939,290,2061
1734602825.3444936,2186,183,1328
1734602825.4108162,965,0,172
1734602825.4726603,4095,368,2642
1734602825.5314353,3453,0,2015
1734602825.645372,4095,394,2751
1734602825.6987126,4095,416,2694
1734602825.772793,3223,312,2173
1734602825.8328028,4095,412,2727
1734602825.8874304,0,3255,299
1734602825.9487076,0,3365,299
1734602826.001867,0,3362,291
1734602826.0730777,0,3359,291
1734602826.1202545,0,3353,293
1734602826.1888375,0,3335,315
1734602826.2527447,0,2960,271
1734602826.3599224,0,2590,271
1734602826.431829,0,2511,288
1734602826.4922652,0,2991,365
1734602826.5524466,0,2555,317
1734602826.6061952,3215,0,1651
1734602826.6721494,2834,171,1574
1734602826.7315907,3223,270,1962
1734602826.7921546,2654,170,1518
1734602826.844818,2890,217,1770
1734602826.9718704,2718,0,1446
1734602827.026241,2544,144,1456
1734602827.0922828,3154,125,1680
1734602827.1387806,1906,590,826
1734602827.212988,1687,29,611
1734602827.2710733,1872,0,879
1734602827.3254201,0,3291,432
1734602827.3910217,0,3456,389
1734602827.4452467,0,3439,361
1734602827.5131817,0,3421,303
1734602827.576034,0,3421,240
1734602827.6261063,0,3397,182
1734602827.6927104,0,3310,176
1734602827.7526827,0,3312,181
1734602827.8129003,0,3327,173
1734602827.872332,14,3310,171
1734602827.9272587,36,3311,169
1734602827.9928093,59,3257,148
1734602828.0517192,1181,646,0
1734602828.1066556,1215,251,50
1734602828.1711805,1196,1007,0
1734602828.2208047,1094,631,0
1734602828.2876232,1950,15,802
1734602828.3492777,1284,0,192
1734602828.4002228,1360,0,341
1734602828.4701178,1111,0,246
1734602828.5258949,848,0,102
1734602828.589337,720,0,109
1734602828.6527872,423,165,0
1734602828.710388,245,464,0
1734602828.7722397,128,905,0
1734602828.822941,0,837,0
1734602828.8913841,0,786,0
1734602828.9510477,0,762,0
1734602829.0053067,0,655,0
1734602829.0709736,0,8,0
1734602829.132693,580,0,421
1734602829.188952,1023,0,861
1734602829.2531426,1889,158,1648
1734602829.3020778,3055,385,2599
1734602829.3724124,2997,359,2467
1734602829.430217,2948,334,2313
1734602829.486898,144,2559,48
1734602829.5528636,0,1998,22
1734602829.612867,0,1443,170
1734602829.6711967,0,583,336
1734602829.7332225,0,1246,458
1734602829.7907777,0,1729,417
1734602829.8526192,0,2148,429
1734602829.90242,0,2497,446
1734602829.9728463,0,2649,466
1734602830.029852,0,2384,535
1734602830.088725,0,1631,0
1734602830.150822,443,1229,0
1734602830.2069485,2112,0,1583
1734602830.2730587,1747,117,1342
1734602830.3330657,1458,55,1039
1734602830.3921704,1331,25,885
1734602830.4525998,483,0,61
1734602830.5122163,337,112,0
1734602830.572085,364,281,0
1734602830.633193,539,30,0
1734602830.6928692,448,144,0
1734602830.7533526,509,0,0
1734602830.8090467,731,848,0
1734602830.8729982,4095,2923,0
1734602830.9318378,4095,0,3183
1734602830.9914396,3022,336,2626
1734602831.0421984,681,3359,592
1734602831.1072974,0,3025,245
1734602831.2235706,0,3329,214
1734602831.2925932,0,3223,244
1734602831.3417711,0,3071,182
1734602831.4029188,0,3358,242
1734602831.4715588,0,3343,244
1734602831.5842113,0,3331,267
1734602831.641853,2192,0,743
1734602831.70989,2914,154,1456
1734602831.8330054,3426,246,1850
1734602831.8841841,3204,210,1747
1734602831.9449227,4095,343,2273
1734602832.0120087,2887,0,1350
1734602832.0738113,2035,2,764
1734602832.1233788,1608,0,348
1734602832.1919577,3331,161,1813
1734602832.249857,4095,346,2315
1734602832.3067193,1008,1956,0
1734602832.3725123,800,0,847
1734602832.4298472,1066,103,1246
1734602832.487022,1136,127,1341
1734602832.5517013,1001,109,1251
1734602832.6028528,784,67,1056
1734602832.6710443,0,31,202
1734602832.7943635,0,1535,261
1734602832.8507464,0,3024,419
1734602832.9035456,0,3397,453
1734602832.9738045,0,3393,421
1734602833.0233161,0,3401,397
1734602833.0912492,4095,0,2272
1734602833.15145,4095,331,2329
1734602833.2076862,4095,267,2252
1734602833.2727711,2800,388,1392
1734602833.3262029,1174,1105,0
1734602833.3913026,4095,292,2178
1734602833.4527285,4095,0,2138
1734602833.5097163,1812,0,430
1734602833.5578456,2843,101,1355
1734602833.6842759,4095,325,2224
1734602833.7525427,4095,313,2256
1734602833.8059306,0,3253,188
1734602833.8718755,0,3350,181
1734602833.9268806,0,3335,187
1734602833.9919715,0,3335,176
1734602834.0399864,0,3327,178
1734602834.1722379,0,3275,185
1734602834.2898588,0,3339,191
1734602834.3407598,0,3354,187
1734602834.4073865,0,3343,204
1734602834.4736342,0,3345,203
1734602834.532775,0,3365,217
1734602834.6513677,3787,304,2107
1734602834.7073283,3149,208,1737
1734602834.7717364,3372,255,1971
1734602834.8242874,3143,228,1651
1734602834.8884625,1240,575,101
1734602834.94376,3309,0,1648
1734602835.0107014,4095,367,2473
1734602835.058014,3536,362,2299
1734602835.1222336,949,0,128
1734602835.1871152,778,0,167
1734602835.3089042,0,3277,335
1734602835.372228,0,3398,368
1734602835.4241347,0,3398,378
1734602835.4873252,251,1351,430
1734602835.5438888,0,1037,141
1734602835.608958,0,1168,130
1734602835.7249868,0,1955,183
1734602835.7931237,0,1417,112
1734602835.8526719,0,603,19
1734602835.9138153,0,1621,53
1734602835.9731383,0,2525,62
1734602836.0213904,64,3216,166
1734602836.0887256,101,3246,178
1734602836.148974,45,3251,175
1734602836.2102005,0,3251,176
1734602836.2615304,241,2852,96
1734602836.3859909,466,977,0
1734602836.4549508,350,747,31
1734602836.5114841,619,0,560
1734602836.5746171,3783,624,3645
1734602836.6931498,0,2925,203
1734602836.7520387,508,3223,164
1734602836.8117232,4095,3279,0
1734602836.8720236,4095,3278,0
1734602836.9247282,705,3254,181
1734602836.9922001,871,2618,64
1734602837.053591,980,655,0
1734602837.1135194,1674,0,366
1734602837.176102,3849,128,1409
1734602837.2333698,4095,48,1154
1734602837.287498,4095,0,0
1734602837.3449705,4095,0,0
1734602837.4087255,4095,0,0
1734602837.4736018,2326,1042,2076
1734602837.5320852,2094,260,2149
1734602837.6518297,0,1434,335
1734602837.7131083,0,3311,347
1734602837.768778,0,401,202
1734602837.8251143,0,45,260
1734602837.8831842,0,3445,525
1734602837.9519193,0,3329,455
1734602838.059766,0,3425,511
1734602838.1331644,0,3408,498
1734602838.1829062,4095,0,0
1734602838.2447863,4095,0,0
1734602838.3094654,4095,0,0
1734602838.3732502,4095,0,0
1734602838.4326134,4095,0,0
1734602838.4909387,4095,0,0
1734602838.5390358,4095,0,0
1734602838.7267816,4095,0,0
1734602838.793289,4095,130,1675
1734602838.8523324,1975,429,16
1734602838.901359,0,3214,493
1734602838.9731565,0,3413,496
1734602839.0234134,0,3429,489
1734602839.089731,0,3409,465
1734602839.1488857,0,3401,464
1734602839.2124412,0,3372,490
1734602839.2606642,0,3241,502
1734602839.3231003,0,3359,444
1734602839.3895907,0,3367,432
1734602839.4435534,0,3349,430
1734602839.5111694,0,3349,430
1734602839.559,0,3363,417
1734602839.69155,4095,0,2192
1734602839.7379894,3184,194,1606
1734602839.8017137,2385,15,880
1734602839.8720062,4095,272,2119
1734602839.9304278,4095,304,2159
1734602840.052767,4095,0,2162
1734602840.1028092,4095,310,2251
1734602840.1710918,4095,329,2228
1734602840.2309186,3866,303,2109
1734602840.2890835,3856,309,2122
1734602840.3518717,2910,173,1507
1734602840.3997486,0,3275,319
1734602840.4720771,0,3403,333
1734602840.5281966,0,3401,320
1734602840.5931537,0,3383,286
1734602840.6529198,0,3353,253
1734602840.772835,0,3270,176
1734602840.82848,0,3306,174
1734602840.8924615,53,3312,168
1734602840.9471211,133,3299,165
1734602841.0122623,210,3306,170
1734602841.0599394,282,3298,171
1734602841.1871164,1666,126,1360
1734602841.2495215,1599,139,1399
1734602841.312456,1089,79,1062
1734602841.3603737,100,625,51
1734602841.4260287,0,3332,189
1734602841.4897652,0,3306,182
1734602841.5373743,0,3359,230
1734602841.6017487,0,3344,267
1734602841.6699984,0,3152,243
1734602841.7317839,0,2631,187
1734602841.7879803,0,1874,81
1734602841.8517878,0,1765,144
1734602841.9090548,0,1442,117
1734602842.0216668,0,1089,87
1734602842.0885074,0,1048,82
1734602842.1484187,0,1055,89
1734602842.2726202,0,926,78
1734602842.3224034,0,765,78
1734602842.3937,0,487,82
1734602842.452479,0,190,86
1734602842.5036483,0,28,122
1734602842.5713396,1405,0,1103
1734602842.6325479,1376,59,1104
1734602842.6922646,1217,10,828
1734602842.739083,1169,0,620
1734602842.8046017,737,0,109
1734602842.9327621,650,240,0
1734602842.9916115,755,583,0
1734602843.0390522,782,951,0
1734602843.172825,919,1808,0
1734602843.2332351,999,2540,41
1734602843.2864022,0,3185,352
1734602843.344676,0,3270,271
1734602843.4134998,0,3265,208
1734602843.471794,0,3246,177
1734602843.5242667,0,2829,95
1734602843.5881698,72,2283,7
1734602843.7083187,43,74,0
1734602843.8249125,737,397,494
1734602843.8886395,1921,95,1083
1734602843.9528532,2769,300,2167
1734602844.0011437,0,3274,351
1734602844.0724976,0,3071,306
1734602844.1808274,0,1783,147
1734602844.3071265,0,390,54
1734602844.3712845,256,0,385
1734602844.4326212,807,0,775
1734602844.493586,272,0,307
1734602844.6128573,653,0,556
1734602844.660801,1045,0,757
1734602844.7266374,1377,32,893
1734602844.852992,957,0,389
1734602844.9134881,325,284,0
1734602844.970723,211,651,0
1734602845.0290747,200,1004,0
1734602845.0909894,240,1071,0
1734602845.147046,224,1456,0
1734602845.2741556,111,3199,170
1734602845.3901997,199,3247,171
1734602845.4457934,212,3248,165
1734602845.499097,207,3165,144
1734602845.5724869,209,2736,73
1734602845.6284294,209,1686,0
1734602845.6916938,375,2992,107
1734602845.7472513,496,3136,129
1734602845.8124077,556,3317,171
1734602845.93254,560,3309,170
1734602845.9878387,677,3294,165
1734602846.049205,667,3267,159
1734602846.11191,784,3118,131
1734602846.1606145,832,3039,118
1734602846.2331998,907,2885,96
1734602846.2915204,796,2697,62
1734602846.340158,784,2494,31
1734602846.4731822,4095,495,3300
1734602846.584067,0,3302,326
1734602846.6449566,2967,495,3188
1734602846.7102523,2323,545,1951
1734602846.7724268,0,3258,167
1734602846.8306427,0,2907,102
1734602846.8913784,1375,65,1173
1734602846.9387338,0,3293,190
1734602847.0588315,0,1875,41
1734602847.1313987,454,261,0
1734602847.1886325,451,21,0
1734602847.2996132,543,0,0
1734602847.4325206,576,47,0
1734602847.491308,637,35,0
1734602847.550976,626,313,0
1734602847.6102188,687,1245,0
1734602847.6609933,691,2383,16
1734602847.73307,710,3285,172
1734602847.7845662,721,3294,174
1734602847.8529458,752,3305,160
1734602847.9051213,0,2768,176
1734602847.9726002,0,2731,111
1734602848.0338821,219,1090,370
1734602848.0861897,0,3287,249
1734602848.1457381,3331,407,3199
1734602848.211097,1945,400,2186
1734602848.2584667,0,2145,347
1734602848.3224785,0,2707,539
1734602848.3929546,560,110,1327
1734602848.4438715,0,789,574
1734602848.4991372,0,3473,495
1734602848.5723011,27,2992,112
1734602848.6299944,0,2672,382
1734602848.7469738,0,2910,400
1734602848.8112714,0,3085,434
1734602848.9239705,0,3107,432
1734602848.993067,0,3177,441
1734602849.0508728,0,3232,449
1734602849.0993757,0,3287,478
1734602849.1709914,0,3397,493
1734602849.2224083,0,3387,491
1734602849.2876103,0,3362,403
1734602849.3439863,0,3417,438
1734602849.4110587,4095,0,1948
1734602849.473243,4095,270,1998
1734602849.531689,4067,258,1959
1734602849.5876386,4095,301,2205
1734602849.6481695,2256,150,1247
1734602849.704568,4095,275,2001
1734602849.7728932,4095,0,2182
1734602849.8281984,4095,454,3006
1734602849.9485605,3088,511,2896
1734602850.012645,1808,309,2045
1734602850.072218,2077,390,2459
1734602850.1324642,0,3278,427
1734602850.1917083,0,3408,437
1734602850.298292,0,3423,422
1734602850.3708687,0,3419,423
1734602850.490535,0,3440,413
1734602850.5525625,0,3279,389
1734602850.658755,0,3444,358
1734602850.7322996,0,975,26
1734602850.7830591,0,897,0
1734602850.959066,4095,0,0
1734602851.031424,4095,0,0
1734602851.0881712,4095,0,0
1734602851.1511369,4095,0,179
1734602851.2134037,4095,0,407
1734602851.2723143,2679,0,645
1734602851.3315964,1309,109,1264
1734602851.3873403,0,431,2531
1734602851.4441879,0,611,4079
1734602851.5003042,0,627,4095
1734602851.572901,0,3283,304
1734602851.6280951,0,3408,289
1734602851.6931875,0,3402,265
1734602851.7417607,0,3351,204
1734602851.8120978,0,3355,223
1734602851.8596926,0,3369,216
1734602851.930639,0,3309,214
1734602851.9872503,0,3369,209
1734602852.0527968,0,3158,286
1734602852.1018183,0,711,0
1734602852.1693313,0,755,0
1734602852.2308373,0,786,0
1734602852.292949,3140,107,1765
1734602852.35057,1904,1180,810
1734602852.398826,1180,1217,144
1734602852.4729342,1813,0,705
1734602852.533423,4095,390,2685
1734602852.590213,3205,330,2106
1734602852.6488607,1246,0,366
1734602852.7122777,1062,0,382
1734602852.7710974,546,10,0
1734602852.8241014,687,0,123
1734602852.8927946,386,935,0
1734602852.9522269,464,219,10
1734602853.0089872,0,811,50
1734602853.0729275,0,823,61
1734602853.1304753,0,855,69
1734602853.2463875,0,832,83
1734602853.3112588,0,573,76
1734602853.3588798,0,449,97
1734602853.4325442,410,0,571
1734602853.492633,1200,80,1296
1734602853.5457578,1746,207,1787
1734602853.6129756,1535,153,1579
1734602853.6604447,1726,163,1577
1734602853.7302313,1611,0,1145
1734602853.7871017,83,917,0
1734602853.8504019,0,1431,15
1734602853.9059443,178,336,0
1734602853.9821594,60,1648,0
1734602854.0325236,31,3071,128
1734602854.0887487,80,3248,176
1734602854.1534019,106,3243,175
1734602854.2128255,113,3254,162
1734602854.2588115,144,3250,173
1734602854.3228006,145,3252,174
1734602854.3886027,134,3250,173
1734602854.4519181,2402,0,2160
1734602854.5094662,2459,341,2415
1734602854.5733504,2207,296,2207
1734602854.6267216,2256,313,2266
1734602854.6931195,2207,297,2203
1734602854.7489572,2036,263,2021
1734602854.8092327,2352,0,2041
1734602854.8717196,1616,155,1504
1734602854.9259412,816,0,621
1734602854.9926848,415,19,128
1734602855.049924,241,306,0
1734602855.1106513,362,621,0
1734602855.1722474,501,48,112
1734602855.22295,174,1051,0
1734602855.288249,155,2498,39
1734602855.3529227,175,2923,97
1734602855.3982544,211,2640,63
1734602855.4727817,192,3291,187
1734602855.5205867,147,3221,170
1734602855.5925865,245,3249,175
1734602855.6506283,253,3255,169
1734602855.7115133,256,3253,173
1734602855.7592616,265,2831,90
1734602855.8235214,263,1947,0
1734602855.8911564,0,3237,160
1734602855.9512508,0,2962,112
1734602856.0023735,0,2519,39
1734602856.0718799,36,1351,0
1734602856.1833937,656,0,434
1734602856.2515326,1973,0,1456
1734602856.372621,3765,454,2875
1734602856.4322197,4095,398,2917
1734602856.4911819,3984,464,2869
1734602856.5523052,3491,399,2587
1734602856.6026468,0,2885,124
1734602856.6722674,0,2938,129
1734602856.730664,464,1778,30
1734602856.7869387,653,2313,2
1734602856.8508358,761,1882,0
1734602856.8999808,1117,0,285
1734602856.9723432,4095,0,2626
1734602857.023238,4095,399,2768
1734602857.0919406,3497,422,2537
1734602857.1391683,266,3049,117
1734602857.2031834,157,3248,162
1734602857.3229105,976,0,555
1734602857.3912036,1136,0,701
1734602857.4383354,1228,0,699
1734602857.5055027,1034,0,465
1734602857.5692677,656,0,257
1734602857.6331396,547,0,144
1734602857.6922617,752,0,257
1734602857.8129182,1638,29,996
1734602857.8696485,2768,247,1979
1734602857.9179919,4095,393,2737
1734602857.9914196,4095,378,2801
1734602858.0404375,4095,0,2965
1734602858.1045265,2645,511,2118
1734602858.1740475,0,3250,155
1734602858.233079,101,2317,39
1734602858.2839742,0,1867,0
1734602858.3461332,0,3318,206
1734602858.4101484,0,3222,270
1734602858.4709525,0,2975,309
1734602858.5340462,0,3347,280
1734602858.592986,0,3344,281
1734602858.6473708,0,3311,323
1734602858.7110307,0,3350,287
1734602858.7587404,324,2890,97
1734602858.8225229,475,2800,86
1734602858.8921285,1067,2790,208
1734602858.948402,720,2640,63
1734602859.0051444,2527,1725,0
1734602859.077483,4095,269,0
1734602859.1257284,4095,210,0
1734602859.1921675,4095,0,0
1734602859.2525802,4095,0,0
1734602859.309823,4095,0,0
1734602859.3585227,4095,0,0
1734602859.4335806,4095,0,0
1734602859.4893398,0,3261,272
1734602859.5429604,0,3402,272
1734602859.6076663,0,3377,282
1734602859.6708353,0,3386,298
1734602859.7301984,0,3394,302
1734602859.7893598,0,3371,323
1734602859.849722,0,3263,318
1734602859.9098446,0,3383,341
1734602859.9711063,0,3357,356
1734602860.0878382,0,2645,298
1734602860.1517043,0,2170,271
1734602860.2002897,4095,0,2685
1734602860.273781,2636,368,1723
1734602860.3279612,2206,67,1360
1734602860.3915923,4095,395,2770
1734602860.4500453,4095,431,2770
1734602860.5116587,3344,365,2383
1734602860.5719259,4095,0,2749
1734602860.6333005,2385,187,1530
1734602860.7457292,2996,283,2064
1734602860.811296,3520,375,2378
1734602860.874791,3062,298,2096
1734602860.9305382,215,96,311
1734602860.979655,0,1586,121
1734602861.0444083,0,3423,336
1734602861.1064477,0,3425,336
1734602861.1714041,0,3440,316
1734602861.2242005,0,3446,293
1734602861.2900677,0,3326,254
1734602861.3502584,0,3440,237
1734602861.4129515,0,3437,217
1734602861.4705503,0,3418,199
1734602861.5311484,0,3412,184
1734602861.5913613,0,3391,173
1734602861.6415813,818,2160,0
1734602861.711948,928,2211,3
1734602861.77161,976,1950,0
1734602861.831927,1015,1246,0
1734602861.8917341,1072,0,0
1734602861.9455452,1177,0,0
1734602862.0033166,1673,0,347
1734602862.0728142,1535,0,275
1734602862.1840494,2603,112,1277
1734602862.2989573,2894,179,1615
1734602862.419205,0,3383,207
1734602862.5397003,0,3371,181
1734602862.61239,0,3361,176
1734602862.664733,0,3325,171
1734602862.7332296,0,3318,171
1734602862.7899446,0,3283,169
1734602862.837815,1,3313,167
1734602862.9049485,48,3287,160
1734602863.030558,167,2195,0
1734602863.0875347,259,545,0
1734602863.1525016,416,0,2233
1734602863.1994267,0,308,1599
1734602863.272672,0,532,1105
1734602863.327656,0,1535,948
1734602863.3928146,0,2818,1050
1734602863.4515462,0,3115,214
1734602863.5132873,266,2389,27
1734602863.5706444,298,2745,73
1734602863.6257434,214,2822,81
1734602863.7525954,190,2960,104
1734602863.811279,209,2737,66
1734602863.867418,4095,0,2832
1734602863.9223135,3486,387,2544
1734602863.9902246,2753,251,1956
1734602864.0491443,2430,177,1617
1734602864.1061432,1699,35,880
1734602864.2188025,1106,0,314
1734602864.287749,1362,0,453
1734602864.3461387,1082,0,193
1734602864.4033012,1104,0,263
1734602864.5258334,1072,0,160
1734602864.592191,814,44,0
1734602864.651914,308,2320,16
1734602864.7080276,202,771,0
1734602864.7713642,141,0,0
1734602864.8195717,2893,229,1733
1734602864.8880925,934,0,48
1734602864.9499276,1680,16,999
1734602865.0114768,4095,0,3039
1734602865.0734177,4095,470,3136
1734602865.1264033,4095,546,3222
1734602865.1936915,2767,930,2513
1734602865.2521875,0,3262,323
1734602865.3118374,1983,239,1975
1734602865.3699906,1082,2774,79
1734602865.421864,1170,3007,119
1734602865.4904923,1182,3084,132
1734602865.5520673,1212,3007,126
1734602865.6047754,1495,1535,59
1734602865.7240005,2494,21,899
1734602865.7877553,3471,0,1425
1734602865.846074,3274,144,1439
1734602865.9121187,3568,176,1595
1734602865.9719853,3872,208,1735
1734602866.0211241,4016,231,1809
1734602866.088671,4095,227,1955
1734602866.1489434,0,3279,318
1734602866.1989875,0,3408,327
1734602866.32005,0,3427,345
1734602866.3900933,0,3430,356
1734602866.4538882,0,3431,367
1734602866.5125682,0,3279,363
1734602866.63391,0,3376,374
1734602866.688517,0,3146,340
1734602866.8122327,0,2153,230
1734602866.924965,0,1067,98
1734602866.9916515,4095,0,3132
1734602867.1004488,4095,291,2263
1734602867.172719,4056,346,2247
1734602867.221874,4095,330,2210
1734602867.2919257,1780,334,368
1734602867.3511689,4095,0,2127
1734602867.4115362,4095,306,2250
1734602867.473848,3942,305,2137
1734602867.531997,4095,324,2295
1734602867.591036,4095,342,2346
1734602867.653123,3489,286,2017
1734602867.711775,0,1104,50
1734602867.761773,0,1037,35
1734602867.8932052,0,1089,16
1734602867.9414597,0,1099,17
1734602868.0133507,0,1090,12
1734602868.0595968,0,1118,15
1734602868.131237,0,1232,37
1734602868.1924658,0,1341,48
1734602868.2519126,0,1353,47
1734602868.311327,0,2177,107
1734602868.3732264,0,3056,208
1734602868.4236367,0,2075,94
1734602868.4875565,91,3211,176
1734602868.5505893,181,3255,165
1734602868.6096737,145,3254,174
1734602868.6725326,174,2244,4
1734602868.7325308,123,482,0
1734602868.7876184,2032,0,867
1734602868.8527083,715,2476,36
1734602868.9109468,1264,0,459
1734602868.9760907,4095,391,2702
1734602869.0292306,4095,392,2786
1734602869.0905724,4095,459,2928
1734602869.2597206,837,0,34
1734602869.3327858,1947,47,1005
1734602869.3887906,2618,174,1597
1734602869.4427607,3388,310,2170
1734602869.5078006,3863,318,2209
1734602869.571954,3376,208,1738
1734602869.629972,4095,0,2047
1734602869.8083818,4095,234,1995
1734602869.872482,4095,241,1953
1734602869.9230342,4095,261,1987
1734602869.9933817,4095,271,2069
1734602870.0514169,4095,282,2059
1734602870.1062572,0,3296,190
1734602870.1704,0,3373,201
1734602870.2328613,0,3360,205
1734602870.2914667,0,3395,188
1734602870.4121187,0,3440,190
1734602870.5331771,0,3349,170
1734602870.5928574,0,3406,191
1734602870.7131565,0,3392,197
1734602870.771072,0,3376,208
1734602870.8297634,0,3343,222
1734602870.9399896,2548,303,1999
1734602871.0705988,575,631,134
1734602871.1317773,1344,25,790
1734602871.1927829,2315,218,1718
1734602871.3118005,2362,222,1791
1734602871.367841,4095,0,2930
1734602871.4936264,4071,528,2987
1734602871.5524597,3343,448,2666
1734602871.6121776,3390,464,2726
1734602871.7324545,2853,378,2368
1734602871.788799,0,632,0
1734602871.9129415,0,2608,141
1734602872.0325491,0,3408,247
1734602872.0923166,0,3395,235
1734602872.152292,0,3408,231
1734602872.2119615,0,3326,208
1734602872.3918285,0,3415,193
1734602872.453289,0,3430,193
1734602872.5747614,804,25,304
1734602872.691624,226,3054,131
1734602872.7516031,176,3238,177
1734602872.8126383,259,3247,188
1734602872.8718004,173,3249,162
1734602872.9324772,64,3237,179
1734602872.9921498,144,2665,68
1734602873.0519106,87,3239,170
1734602873.1125748,128,2905,109
1734602873.1728148,192,1527,0
1734602873.2312827,80,2158,0
1734602873.291349,63,2714,70
1734602873.412305,0,3291,207
1734602873.5277514,0,3392,222
1734602873.5932574,0,3413,220
1734602873.651743,0,3418,203
1734602873.7023683,0,3425,182
1734602873.8279192,0,3359,165
1734602873.9398813,0,3366,162
1734602873.998437,0,3358,162
1734602874.061494,0,3339,173
1734602874.1294498,0,3306,174
1734602874.2483885,943,990,263
1734602874.3083868,4095,355,2762
1734602874.4273643,4063,496,2873
1734602874.492015,1564,656,1006
1734602874.541636,224,3233,170
1734602874.672316,0,3254,150
1734602874.7870991,35,3248,169
1734602874.8423784,0,3247,165
1734602874.9078186,0,3261,162
1734602875.0284805,4095,0,0
1734602875.0913186,4095,0,0
1734602875.147364,4095,0,0
1734602875.2041514,4095,0,0
1734602875.27234,4095,0,96
1734602875.3932922,4095,0,0
1734602875.442948,4095,0,0
1734602875.5074303,4095,0,0
1734602875.5729685,4095,0,0
1734602875.6187694,4095,0,0
1734602875.6913,4095,0,0
1734602875.8131492,0,3267,219
1734602875.9279864,0,3312,227
1734602875.9917922,0,3165,206
1734602876.105072,0,3067,215
1734602876.219193,0,3089,224
1734602876.289338,0,2941,219
1734602876.347333,0,2800,219
1734602876.411665,0,2925,267
1734602876.6994877,0,2929,274
1734602876.82172,0,2934,272
1734602876.942637,0,2750,273
1734602876.9990344,0,2238,239
1734602877.07193,2455,0,1671
1734602877.1281612,3168,405,2399
1734602877.2439325,599,821,0
1734602877.3079689,2005,112,1251
1734602877.3713048,2117,137,1347
1734602877.4195461,3767,0,2448
1734602877.492144,3011,353,2274
1734602877.5475702,2748,303,2077
1734602877.6046226,2559,282,1955
1734602877.6727836,1817,134,1296
1734602877.7243078,1443,52,975
1734602877.792537,0,1051,7
1734602877.839378,0,1055,1
1734602877.9581323,0,896,0
1734602878.03052,0,629,0
1734602878.0928888,688,0,774
1734602878.2732177,4095,0,3685
1734602878.3204257,4095,495,3632
1734602878.392871,4079,502,3638
1734602878.4526405,3867,527,3647
1734602878.501034,3776,507,3654
1734602878.620718,2493,0,1924
1734602878.6932945,2095,208,1763
1734602878.806036,1805,153,1487
1734602878.871684,1727,134,1415
1734602878.9213822,1331,71,1059
1734602878.9928632,701,0,477
1734602879.1045656,387,0,153
1734602879.1733558,45,342,0
1734602879.2251234,39,1375,0
1734602879.34556,23,2551,46
1734602879.4735098,0,3270,171
1734602879.7099667,171,2935,96
1734602879.8203707,173,2905,97
1734602879.889318,186,2722,64
1734602879.9450643,190,2495,29
1734602880.310112,255,0,0
1734602880.3579063,240,0,0
1734602880.4306378,214,112,0
1734602880.547148,4095,0,2835
1734602880.660222,3140,420,2559
1734602880.7246132,2754,349,2271
1734602880.7887309,2613,318,2154
1734602880.844693,2400,275,1968
1734602880.9730787,2546,0,1906
1734602881.028405,2065,203,1649
1734602881.0923345,1874,161,1459
1734602881.1425748,1711,121,1298
1734602881.206296,1713,115,1296
1734602881.26997,1954,163,1497
1734602881.3893683,4043,0,3739
1734602881.4465024,3631,528,3648
1734602881.511751,3651,528,3637
1734602881.5599258,3623,546,3652
1734602881.6239548,3719,556,3649
1734602881.8009613,3441,612,3632
1734602881.8730226,2830,511,2977
1734602881.9299557,2263,381,2395
1734602881.9926589,1718,254,1851
1734602882.044597,1426,180,1535
1734602882.1762629,0,3311,154
1734602882.2274911,90,3346,155
1734602882.2936416,145,3334,160
1734602882.3532617,186,3335,157
1734602882.4618158,235,3333,159
1734602882.5223277,291,3298,167
1734602882.5933414,240,3269,167
1734602882.7040408,308,3297,161
1734602882.819667,330,3297,169
1734602882.9411902,340,3299,165
1734602883.004235,338,3309,164
1734602883.1919155,4095,499,3018
1734602883.2416828,2306,246,1778
1734602883.3606625,3711,470,2813
1734602883.4226575,2951,351,2241
1734602883.4862506,366,2304,11
1734602883.5527482,759,1174,143
1734602883.6743076,2160,151,1411
1734602883.7238336,2521,210,1766
1734602883.7932045,2729,270,1940
1734602883.8483453,2559,240,1821
1734602883.906426,509,785,0
1734602883.977496,424,818,0
1734602884.0926287,356,1182,0
1734602884.3271368,261,1436,0
1734602884.451509,210,1717,0
1734602884.508058,192,960,0
1734602884.569942,153,555,0
1734602884.6323292,103,497,0
1734602884.6877987,53,765,0
1734602884.742509,651,29,89
1734602884.8089387,605,0,98
1734602884.8744092,398,27,0
1734602884.9262438,315,48,0
1734602884.9928217,324,0,0
1734602885.0384746,210,223,0
1734602885.2315881,159,586,0
1734602885.2932448,185,1718,0
1734602885.3501325,1378,0,750
1734602885.4734697,0,630,0
1734602885.532375,0,624,0
1734602885.5922775,0,555,16
1734602885.6404777,0,429,27
1734602885.713966,0,326,59
1734602885.7713575,1616,150,1737
1734602885.8325453,4095,0,3824
1734602885.8912313,3991,475,3637
1734602885.9515557,3823,486,3655
1734602886.0111601,3715,493,3642
1734602886.073638,3648,501,3654
1734602886.1277597,0,3220,177
1734602886.2383015,58,3249,165
1734602886.3117366,225,3229,155
1734602886.3717318,510,3268,176
1734602886.483282,267,3245,176
1734602886.670879,1474,2779,859
1734602886.725444,302,3280,151
1734602886.8524978,4095,0,3792
1734602886.91298,3709,496,3658
1734602886.9779482,3600,492,3638
1734602887.082198,3525,496,3645
1734602887.146518,3493,510,3655
1734602887.2097192,3807,0,3747
1734602887.2730002,3458,542,3651
1734602887.3316467,3476,561,3627
1734602887.3920746,3491,576,3653
1734602887.4512708,3440,595,3650
1734602887.506111,3071,562,3282
1734602887.571605,375,257,277
1734602887.6303222,0,511,16
1734602887.6851838,0,1858,9
1734602887.7985854,0,2891,136
1734602887.8705456,0,2457,115
1734602887.932793,48,1561,193
1734602888.0529764,0,240,176
1734602888.112138,0,0,278
1734602888.1721501,0,48,157
1734602888.2310061,713,400,0
1734602888.2911813,1699,3248,176
1734602888.3394125,4095,0,3779
1734602888.406542,3887,496,3657
1734602888.4733672,3797,496,3655
1734602888.5321164,3739,511,3662
1734602888.59278,3728,509,3648
1734602888.711795,4028,0,3664
1734602888.7747912,3039,545,3231
1734602888.8286378,2334,384,2501
1734602888.8851724,2239,365,2403
1734602888.9535706,1780,258,1939
1734602889.009032,1410,178,1573
1734602889.0726056,538,2941,108
1734602889.1242054,2000,22,1168
1734602889.2422347,1830,1759,1186
1734602889.3058963,429,3054,134
1734602889.3736594,309,1748,0
1734602889.4334955,45,3239,156
1734602889.4898922,37,3282,146
1734602889.602491,2,3295,152
1734602889.6715853,0,3307,157
1734602889.7905416,53,3287,162
1734602889.9036574,3510,528,3004
1734602889.9738073,3691,533,3055
1734602890.03034,4095,541,3152
1734602890.0922563,4095,530,3127
1734602890.1518633,3423,479,2786
1734602890.2728891,4095,0,3105
1734602890.3835745,2623,351,2213
1734602890.451981,2326,272,1941
1734602890.5039725,1662,124,1271
1734602890.5770516,288,80,0
1734602890.6922128,0,3354,162
1734602890.8018188,0,3355,161
1734602890.8729646,0,3354,160
1734602890.9276934,13,3339,159
1734602891.0531225,58,3318,161
1734602891.1718347,95,3322,162
1734602891.2307556,126,3324,161
1734602891.2879107,170,3305,162
1734602891.409409,172,3293,162
1734602891.4726508,4095,0,2485
1734602891.5847096,3332,301,2015
1734602891.6431525,2022,36,861
1734602891.772832,3745,377,2419
1734602891.824217,4095,0,1073
1734602891.8894436,4095,0,251
1734602892.0061958,4095,14,0
1734602892.0730255,4095,0,0
1734602892.1914792,0,2989,109
1734602892.2388232,9,3280,169
1734602892.3027823,0,3289,167
1734602892.3735101,9,3271,174
1734602892.433103,6,3275,164
1734602892.4915342,17,3275,171
1734602892.552955,0,3243,171
1734602892.6039906,0,3275,172
1734602892.672366,0,3271,170
1734602892.7254612,0,3280,170
1734602892.7921855,0,3278,170
1734602892.8527348,0,3283,164
1734602892.9087648,902,0,95
1734602893.026338,907,0,87
1734602893.0884404,781,0,0
1734602893.1532884,919,0,137
1734602893.2639053,1774,0,941
1734602893.3931034,1891,128,1347
1734602893.4458652,1894,151,1434
1734602893.501836,1603,121,1251
1734602893.5732453,1165,51,910
1734602893.6275165,0,3275,243
1734602893.688214,0,3341,262
1734602893.743237,0,3359,268
1734602893.8067236,0,3376,272
1734602893.9280996,0,3407,307
1734602893.987623,0,3295,329
1734602894.0514987,0,3422,342
1734602894.0997665,0,3418,349
1734602894.2287765,0,3414,349
1734602894.2882698,0,3399,363
1734602894.3508334,0,3408,359
1734602894.4129343,3474,0,2214
1734602894.5293689,2269,188,1576
1734602894.5908854,1821,112,1204
1734602894.6468039,997,0,497
1734602894.7002459,254,335,0
1734602894.7731428,178,815,0
1734602894.8301892,122,1249,0
1734602894.888409,165,3233,171
1734602894.998314,318,2608,47
1734602895.0726504,250,3124,131
1734602895.1913493,0,3329,192
1734602895.301349,0,3307,162
1734602895.3768473,0,3298,168
1734602895.4309657,37,3305,161
1734602895.4879382,30,3101,125
1734602895.5444252,149,2769,66
1734602895.6132934,243,2057,0
1734602895.6600304,285,1535,0
1734602895.7931623,443,1535,0
1734602895.8530583,0,288,0
1734602895.9122748,0,2924,107
1734602895.9710498,0,3284,185
1734602896.0331922,0,2187,30
1734602896.089526,0,3295,191
1734602896.14847,0,3231,185
1734602896.213098,534,617,416
1734602896.2609165,380,119,351
1734602896.3338435,0,1933,63
1734602896.401462,0,1309,33
1734602896.4465866,0,2353,137
1734602896.5068822,0,3379,290
1734602896.5752532,4095,0,2273
1734602896.6345553,4095,327,2310
1734602896.6916673,4095,310,2352
1734602896.7551925,4095,332,2401
1734602896.804928,4095,352,2385
1734602896.8749783,4095,336,2403
1734602896.9270906,4095,0,2258
1734602896.9877203,1175,890,32
1734602897.044964,3712,237,2093
1734602897.1098747,4095,378,2306
1734602897.1753502,967,3230,176
1734602897.2251427,4095,243,2401
1734602897.2917898,0,3273,172
1734602897.3392825,0,3329,170
1734602897.403208,0,3326,166
1734602897.4725676,0,3330,169
1734602897.5835397,29,3307,171
1734602897.6456485,208,3216,169
1734602897.7012064,16,3312,160
1734602897.773094,10,3330,166
1734602897.8870196,18,3319,169
1734602897.950613,16,3318,166
1734602898.0014932,3037,0,0
1734602898.0721698,2041,73,1129
1734602898.1284602,669,109,1040
1734602898.2512562,0,0,202
1734602898.3130045,227,0,0
1734602898.3714647,566,0,420
1734602898.4212759,0,0,429
1734602898.492787,0,0,735
1734602898.5403757,17,189,1524
1734602898.6711764,1103,558,3583
1734602898.726219,456,3275,165
1734602898.8410058,551,3295,169
1734602898.9025495,562,3296,158
1734602898.974221,579,3281,158
1734602899.0829773,506,2919,98
1734602899.144996,597,2598,46
1734602899.2085726,615,1689,0
1734602899.2714646,627,337,0
1734602899.38241,642,0,0
1734602899.4424767,0,2810,243
1734602899.5093975,0,2895,304
1734602899.5731382,0,3277,322
1734602899.632381,0,2674,123
1734602899.6923153,109,781,0
1734602899.753287,563,0,0
1734602899.804019,1234,0,16
1734602899.8736846,597,0,42
1734602899.9313867,326,0,127
1734602899.9829404,2523,284,2463
1734602900.0518546,4095,487,3312
1734602900.1071362,2934,624,2546
1734602900.1707053,333,1599,0
1734602900.231685,430,3163,128
1734602900.2833889,495,3278,175
1734602900.3451345,563,3279,302
1734602900.4085846,735,3314,195
1734602900.4720776,741,3271,176
1734602900.5201435,772,3222,183
1734602900.5873616,1468,3248,183
1734602900.645712,1709,1716,0
1734602900.7081873,1803,351,0
1734602900.8333294,4095,195,1775
1734602900.8873246,0,3246,180
1734602900.9505925,0,3292,196
1734602900.999144,0,3327,205
1734602901.0745106,0,3355,215
1734602901.1322672,0,3317,247
1734602901.2472422,0,3279,272
1734602901.3019006,0,3375,290
1734602901.3728836,0,3376,303
1734602901.430805,0,3411,310
1734602901.4869654,0,3376,322
1734602901.552991,0,3394,336
1734602901.6104653,4095,0,2640
1734602901.6704838,1653,1072,681
1734602901.7315433,1383,0,567
1734602901.7908819,4095,395,2791
1734602901.852492,4095,430,2717
1734602901.9013171,3700,371,2451
1734602901.972819,4095,0,2698
1734602902.0909426,801,1905,0
1734602902.1528533,1355,0,414
1734602902.207138,3312,351,2259
1734602902.2737675,2883,261,1924
1734602902.3301752,0,3274,272
1734602902.3931365,0,3351,301
1734602902.451831,0,3374,321
1734602902.513272,0,3375,327
1734602902.5731056,0,3366,338
1734602902.6280105,0,3152,301
1734602902.6911995,0,2660,229
1734602902.7524846,0,2640,240
1734602902.806151,0,2396,214
1734602902.8725097,0,1682,156
1734602902.9338534,0,608,78
1734602902.9844368,0,1367,111
1734602903.106781,2647,289,1990
1734602903.2185297,506,400,171
1734602903.3521373,0,3248,165
1734602903.4025903,135,3127,155
1734602903.4730039,196,3242,169
1734602903.5238032,137,3245,170
1734602903.593366,79,3243,173
1734602903.652309,188,2862,91
1734602903.699408,188,3035,116
1734602903.7741683,598,208,34
1734602903.8276274,461,1991,0
1734602903.8946378,493,3301,169
1734602903.952391,570,3280,162
1734602904.007651,635,3285,169
1734602904.07159,661,3273,172
1734602904.1264186,619,3246,164
1734602904.1907964,733,3274,165
1734602904.2528653,951,2128,0
1734602904.3008928,708,1488,0
1734602904.3726044,855,1819,0
1734602904.4283617,1079,1388,0
1734602904.4894335,461,548,0
1734602904.5519023,557,0,0
1734602904.6138482,1004,0,412
1734602904.673665,1180,0,589
1734602904.7189372,1059,0,503
1734602904.7914755,999,0,432
1734602904.8387566,2857,0,1489
1734602904.906997,1054,1631,0
1734602904.973904,1007,323,0
1734602905.0215132,4095,293,2559
1734602905.093569,4095,370,2735
1734602905.150258,4095,427,2826
1734602905.2072315,4095,0,3259
1734602905.321483,2186,162,1490
1734602905.388327,879,206,169
1734602905.447669,637,1494,0
1734602905.5123808,698,2055,0
1734602905.559792,650,3070,126
1734602905.6942904,817,3053,133
1734602905.742597,842,3110,123
1734602905.8133001,911,2549,45
1734602905.8710735,947,1637,0
1734602905.9271607,1782,767,993
1734602905.9908485,4095,426,2994
1734602906.0526369,47,3294,159
1734602906.1073377,41,3264,165
1734602906.1751745,23,2510,29
1734602906.2276936,0,3328,154
1734602906.2912004,0,3280,163
1734602906.3461843,0,3301,173
1734602906.4586508,0,3326,166
1734602906.5920758,0,2602,80
1734602906.6525617,50,1721,48
1734602906.701323,4095,0,2064
1734602906.7712212,4095,304,2282
1734602906.8888228,2518,437,1056
1734602906.9528422,4095,304,2171
1734602907.0731375,4095,0,2127
1734602907.133812,1171,1987,0
1734602907.1921566,4095,218,2329
1734602907.2386172,4095,355,2512
1734602907.302607,2554,135,1294
1734602907.4323797,23,0,157
1734602907.48316,0,0,54
1734602907.5421624,0,0,62
1734602907.6065319,0,325,61
1734602907.6728349,0,1018,106
1734602907.7255175,0,1975,207
1734602907.7925673,0,3063,325
1734602907.842512,0,3360,387
1734602907.9112349,0,3365,373
1734602907.9584808,0,3376,367
1734602908.031451,0,3449,352
1734602908.0847862,0,3405,338
1734602908.1528623,1995,0,786
1734602908.2026036,2045,22,911
1734602908.273419,2102,38,962
1734602908.3212252,2495,119,1345
1734602908.3887758,2734,176,1591
1734602908.4520793,2758,192,1648
1734602908.499323,4058,0,2295
1734602908.6314254,3135,321,2177
1734602908.6880653,2797,277,1984
1734602908.7474778,2222,199,1567
1734602908.8129733,1423,98,919
1734602908.8720937,0,1006,0
1734602908.932758,0,995,0
1734602909.0535796,0,782,0
1734602909.1038666,128,0,157
1734602909.170898,2019,196,1873
1734602909.2185528,4095,0,3338
1734602909.2905881,4095,410,3105
1734602909.3377268,4055,475,3001
1734602909.4026937,1535,411,934
1734602909.5341387,590,3295,170
1734602909.5894783,710,689,45
1734602909.6527238,650,0,127
1734602909.7137988,3551,383,2683
1734602909.7722917,3637,496,2871
1734602909.8251343,3184,477,2743
1734602909.8930197,4095,493,3281
1734602909.9403977,1613,2086,1253
1734602910.1331754,718,0,695
1734602910.2450867,0,3319,272
1734602910.3703306,0,3381,277
1734602910.424008,0,2665,193
1734602910.488964,1338,369,0
1734602910.5414407,1668,0,265
1734602910.7264931,3941,285,2103
1734602910.7899787,4095,288,2247
1734602910.8467567,4095,279,2320
1734602910.9105291,4095,0,2277
1734602910.9736516,4095,337,2379
1734602911.0221515,4095,368,2337
1734602911.087511,1971,33,764
1734602911.1525784,1987,14,816
1734602911.207565,1659,0,443
1734602911.274079,198,2533,118
1734602911.326418,0,3319,235
1734602911.502243,0,3277,260
1734602911.5730305,0,3401,297
1734602911.741884,0,3024,253
1734602911.8670444,0,3347,311
1734602911.934443,0,3377,303
1734602911.990909,0,3387,283
1734602912.0527658,143,1949,0
1734602912.1714332,173,3156,159
1734602912.2331824,184,3252,167
1734602912.2928567,139,3250,169
1734602912.399573,41,3221,170
1734602912.4736383,169,3259,161
1734602912.7028096,656,1230,0
1734602912.822429,234,3302,161
1734602913.012928,1327,0,769
1734602913.070269,2608,183,1740
1734602913.130801,3703,0,2123
1734602913.1832988,1232,545,149
1734602913.2431693,954,2559,46
1734602913.3073292,866,3300,159
1734602913.371094,921,3280,176
1734602913.4191325,969,3267,174
1734602913.5441852,462,0,544
1734602913.673628,0,21,97
1734602913.7332058,0,944,76
1734602913.788974,0,1296,110
1734602913.8529723,0,1718,147
1734602913.913589,0,1587,141
1734602914.030765,0,1637,129
1734602914.0929334,0,1664,130
1734602914.1393185,0,1511,118
1734602914.2115972,0,1427,100
1734602914.2711356,0,3262,292
1734602914.3318598,0,3361,295
1734602914.3928866,0,3364,298
1734602914.4407308,0,3379,296
1734602914.5718684,0,3371,306
1734602914.6320753,0,3267,307
1734602914.6875277,0,3253,295
1734602914.7531369,0,2747,230
1734602914.8130445,0,2455,198
1734602914.8721187,0,1758,138
1734602914.9908977,0,1229,93
1734602915.051344,0,3303,171
1734602915.111084,38,3321,167
1734602915.1729803,126,3330,165
1734602915.2335646,237,3339,163
1734602915.29185,345,3345,163
1734602915.3531618,466,3339,165
1734602915.4009488,482,3298,159
1734602915.4735804,633,3358,165
1734602915.5331903,704,3332,167
1734602915.5927515,731,3344,166
1734602915.6509886,767,3312,169
1734602915.708707,800,3281,171
1734602915.7734842,766,0,314
1734602915.879307,704,0,368
1734602916.0070865,807,0,531
1734602916.0729787,1418,0,944
1734602916.1331637,1744,1,583
1734602916.2523303,717,240,0
1734602916.3116474,2384,192,1587
1734602916.3732204,4095,412,2831
1734602916.422817,4095,427,2914
1734602916.5521111,1938,0,1830
1734602916.6079009,2984,453,2941
1734602916.7333982,4095,479,3421
1734602916.792647,4095,437,3230
1734602916.8429244,4095,445,3059
1734602916.906386,3440,0,2412
1734602916.9711823,528,669,0
1734602917.0927603,523,3319,164
1734602917.1448512,652,3315,155
1734602917.210571,771,3312,170
1734602917.2737875,368,785,0
1734602917.3253832,209,272,0
1734602917.4457598,698,61,14
1734602917.5128076,711,3107,128
1734602917.5746624,609,1680,0
1734602917.6327088,4095,0,2609
1734602917.688767,4095,433,2919
1734602917.7522168,3412,545,2677
1734602917.8129144,0,3245,164
1734602917.9324017,0,3281,173
1734602918.042662,1171,2431,33
1734602918.1003017,1235,2438,29
1734602918.1732726,1296,829,0
1734602918.2931373,1650,0,101
1734602918.352862,2687,35,1019
1734602918.4125416,4095,255,2020
1734602918.4720523,4095,0,1979
1734602918.533509,4095,251,2067
1734602918.58385,4095,263,2081
1734602918.6526484,3715,250,1885
1734602918.7123146,4095,300,2234
1734602918.7722967,4095,338,2288
1734602918.885326,0,3266,160
1734602918.949449,0,3346,159
1734602919.0136125,0,3309,162
1734602919.0705676,0,3291,178
1734602919.121563,0,3335,170
1734602919.241628,0,3303,192
1734602919.3057363,0,3344,189
1734602919.3771172,0,3346,192
1734602919.433609,0,3342,205
1734602919.4882693,0,3333,214
1734602919.5518155,4095,0,2142
1734602919.5995204,4095,345,2343
1734602919.6734369,4095,339,2400
1734602919.7313063,2128,299,885
1734602919.7907917,1745,0,581
1734602919.851897,2969,214,1744
1734602919.9055767,3157,0,1702
1734602920.025574,1909,28,834
1734602920.0922012,1669,0,638
1734602920.1527977,1124,0,154
1734602920.2106256,845,0,0
1734602920.2718194,0,3247,230
1734602920.3229334,0,3335,234
1734602920.3914437,0,3345,240
1734602920.4394906,0,3337,245
1734602920.5042784,0,3343,243
1734602920.5714915,0,3345,255
1734602920.631299,0,3257,246
1734602920.6829276,0,3343,265
1734602920.743203,0,3349,270
1734602920.8578048,0,3355,281
1734602920.9304185,0,3351,290
1734602920.986877,1755,0,334
1734602921.0509968,4095,305,2289
1734602921.1076248,3850,304,2121
1734602921.1711943,3766,306,2113
1734602921.2315135,4095,369,2470
1734602921.2847605,4095,399,2480
1734602921.3520799,4095,0,2547
1734602921.4124587,3221,332,2191
1734602921.4764683,2861,262,1904
1734602921.5326164,2603,201,1645
1734602921.5928652,2334,132,1371
1734602921.652928,2718,205,1705
1734602921.71175,0,3258,418
1734602921.7583475,0,3376,434
1734602921.8218277,0,3379,434
1734602921.8882365,0,3397,435
1734602921.9488878,0,3405,436
1734602922.0727606,0,3259,437
1734602922.1908178,0,3373,219
1734602922.3130217,0,3394,225
1734602922.3722923,0,3391,228
1734602922.4306765,339,1725,270
1734602922.5432045,3012,209,1723
1734602922.7188554,3743,339,2258
1734602922.7933273,3583,334,2239
1734602922.8388312,4095,0,2478
1734602922.9115806,3309,329,2206
1734602922.9719107,2970,287,2031
1734602923.0923915,1521,60,893
1734602923.153169,289,481,0
1734602923.2036598,0,3294,352
1734602923.2697768,0,3423,347
1734602923.332344,140,1370,258
1734602923.3884306,0,1215,65
1734602923.4525476,0,2559,202
1734602923.5024698,0,3389,313
1734602923.5714538,0,2957,235
1734602923.6250503,0,1973,107
1734602923.6920435,0,0,82
1734602923.7523081,879,1,896
1734602923.8125622,1499,131,1452
1734602923.8721375,1514,112,1382
1734602923.9282422,0,3200,173
1734602923.9932783,185,3043,112
1734602924.0492203,142,3245,169
1734602924.1118138,67,3247,169
1734602924.2916808,138,3221,165
1734602924.3533082,240,3220,158
1734602924.4120011,266,2455,32
1734602924.4712195,489,492,0
1734602924.5909064,662,1376,0
1734602924.6527274,128,135,96
1734602924.7018988,949,0,906
1734602924.7729528,2741,359,2557
1734602924.821677,4095,433,3439
1734602924.8930192,4095,491,3401
1734602924.9505231,4095,426,3285
1734602924.9985762,4095,0,3184
1734602925.0735533,4095,402,3026
1734602925.1264482,4095,448,2927
1734602925.1911526,2787,288,2096
1734602925.2516205,2029,132,1326
1734602925.3130097,1083,28,379
1734602925.3726206,244,2965,105
1734602925.4335337,318,2960,99
1734602925.4918687,322,2598,48
1734602925.5513077,309,2358,7
1734602925.5991466,285,2295,2
1734602925.6718175,949,270,365
1734602925.7270405,1172,292,270
1734602925.7932563,812,1191,0
1734602925.852581,1033,1658,368
1734602925.910143,4095,323,2819
1734602925.9733484,4095,423,2910
1734602926.033741,2679,471,2107
1734602926.0934086,1807,0,1648
1734602926.1514323,1356,134,1359
1734602926.2114735,395,0,438
1734602926.2686107,17,0,55
1734602926.3318455,0,17,0
1734602926.3893206,0,0,0
1734602926.4462366,111,32,0
1734602926.507947,80,271,0
1734602926.5722826,139,637,0
1734602926.6193929,144,1979,0
1734602926.690183,145,3306,158
1734602926.8047729,178,1238,0
1734602926.876338,158,1300,0
1734602926.9309292,184,986,0
1734602926.9914484,192,551,0
1734602927.0416932,208,549,0
1734602927.1119995,219,1043,0
1734602927.1602893,206,1327,0
1734602927.2361825,255,205,0
1734602927.2924447,215,0,0
1734602927.3509388,162,909,0
1734602927.403223,949,0,195
1734602927.4717064,637,2647,62
1734602927.5900462,4095,501,3287
1734602927.6435828,2919,384,2524
1734602927.7075124,1963,177,1596
1734602927.7731287,593,0,261
1734602927.8298326,213,101,0
1734602927.8923295,195,1154,0
1734602927.939837,304,873,0
1734602928.0050223,366,330,0
1734602928.0724006,497,0,0
1734602928.1254942,503,0,0
1734602928.1933188,560,0,0
1734602928.252081,592,2789,78
1734602928.305954,592,1498,0
1734602928.3731704,3888,397,2655
1734602928.4243078,4095,382,2750
1734602928.4916608,4095,462,2799
1734602928.5464883,292,3257,150
1734602928.6611989,2121,63,1443
1734602928.7321348,231,3312,149
1734602928.7892346,190,3286,157
1734602928.8530002,208,3277,154
1734602928.906824,156,3349,151
1734602929.0326564,719,1469,0
1734602929.0917406,751,724,0
1734602929.1531088,1077,0,176
1734602929.2094886,946,0,5
1734602929.2722185,2165,46,1079
1734602929.3278687,3660,0,2003
1734602929.3929992,2517,119,1379
1734602929.4489493,3299,301,2061
1734602929.5081167,2595,155,1509
1734602929.5734615,4095,381,2546
1734602929.629358,3505,346,2256
1734602929.691968,149,2661,59
1734602929.7526886,103,3280,159
1734602929.8128476,43,3315,146
1734602929.9180052,90,2996,109
1734602929.9924498,122,2597,48
1734602930.0380256,57,3303,158
1734602930.1110675,16,3232,167
1734602930.1727262,192,2587,48
1734602930.2310503,64,3286,167
1734602930.2910058,29,3309,163
1734602930.3517435,51,3279,163
1734602930.4104502,22,3301,166
1734602930.5305612,2027,0,540
1734602930.5941372,2903,143,1318
1734602930.7133303,3949,315,2109
1734602930.7719588,3019,201,1676
1734602930.8272655,4095,0,2337
1734602930.8931236,4095,350,2322
1734602931.011804,4095,303,2288
1734602931.071466,4095,336,2291
1734602931.1296554,1110,1840,0
1734602931.1928413,4095,238,2401
1734602931.246881,0,3266,175
1734602931.3122163,0,3312,176
1734602931.3713381,0,3312,170
1734602931.431906,0,3318,176
1734602931.4927332,0,3325,172
1734602931.5522542,0,3334,175
1734602931.6126132,0,3289,176
1734602931.6716099,0,3343,175
1734602931.7931707,0,3341,183
1734602931.9132679,0,3347,179
1734602931.9726086,3930,0,2218
1734602932.0336707,3071,272,1962
1734602932.0922422,2702,214,1679
1734602932.150271,2210,112,1253
1734602932.2137756,2138,101,1209
1734602932.2730014,1788,34,873
1734602932.332189,1991,0,965
1734602932.3928487,2002,68,1115
1734602932.4455855,2238,126,1337
1734602932.511967,2311,150,1447
1734602932.5730674,2181,139,1371
1734602932.691773,2165,144,1427
1734602932.8127701,0,1102,0
1734602932.8731883,0,1663,9
1734602932.9286244,0,2800,146
1734602932.991491,0,3411,249
1734602933.0417087,0,3418,243
1734602933.1089454,0,3323,257
1734602933.1719012,0,3441,251
1734602933.221933,0,3436,240
1734602933.2900107,0,3424,231
1734602933.3505418,0,3408,222
1734602933.3985176,0,3387,217
1734602933.4727063,3134,0,2084
1734602933.5260491,2145,179,1478
1734602933.589715,790,91,272
1734602933.651972,293,901,0
1734602933.710647,208,2624,53
1734602933.7585406,105,3248,170
1734602933.826261,2,3219,174
1734602933.891275,78,3247,169
1734602933.9477584,89,3250,175
1734602934.0041492,117,3253,174
1734602934.0711534,167,2974,103
1734602934.1256099,196,2457,23
1734602934.1885533,0,914,0
1734602934.2448192,0,867,0
1734602934.3580759,0,786,0
1734602934.4235675,0,642,0
1734602934.5528533,44,0,80
1734602934.6113424,2308,270,2177
1734602934.6589108,4095,0,3518
1734602934.7231019,4095,407,3373
1734602934.7882245,4095,406,3326
1734602934.8523927,4095,411,3273
1734602934.90803,4095,425,3217
1734602934.9725266,4095,464,3154
1734602935.0304086,52,2515,35
1734602935.0927052,135,2691,64
1734602935.2063873,173,2393,18
1734602935.2740655,150,3248,173
1734602935.3340452,176,3248,162
1734602935.3923464,112,3264,174
1734602935.4454873,169,3248,167
1734602935.508987,176,2878,93
1734602935.5726318,170,2619,51
1734602935.6859825,133,2541,35
1734602935.7499468,80,2387,16
1734602935.8067176,4095,0,3263
1734602935.8699934,2694,334,2288
1734602935.9327543,1431,80,980
1734602935.987591,336,762,0
1734602936.1041605,501,3306,167
1734602936.1710382,583,3263,168
1734602936.224518,694,3294,170
1734602936.2920766,752,3287,175
1734602936.4007318,861,3277,170
1734602936.4727318,4095,0,2832
1734602936.5210414,4095,448,2879
1734602936.6407201,3581,626,2782
1734602936.7063997,27,3249,157
1734602936.8270562,0,3264,151
1734602936.8941085,0,3303,158
1734602936.9398715,0,3334,159
1734602937.0039222,0,3355,165
1734602937.0736692,0,3319,175
1734602937.1332116,0,3377,170
1734602937.1851468,3789,0,1934
1734602937.2538996,3678,299,2085
1734602937.3083327,2559,116,1291
1734602937.3714063,4095,332,2366
1734602937.4239566,4095,372,2411
1734602937.4935305,3617,350,2194
1734602937.59797,3156,321,2059
1734602937.6717215,1899,38,866
1734602937.7320752,4095,318,2507
1734602937.7926118,2794,439,1467
1734602937.8414948,919,3230,187
1734602937.9032407,0,3315,189
1734602937.9722497,0,3392,195
1734602938.0272436,0,3378,192
1734602938.1464496,0,3374,202
1734602938.2121856,0,3403,193
1734602938.2597432,0,3311,194
1734602938.3263106,0,3374,207
1734602938.3892145,0,3358,205
1734602938.4428859,0,3376,208
1734602938.509107,0,3370,219
1734602938.572928,0,3373,224
1734602938.6921213,854,2507,42
1734602938.7524107,4095,253,2429
1734602938.8591645,3173,269,1906
1734602938.932961,3408,272,2061
1734602938.9846594,4095,369,2384
1734602939.0484664,1557,528,301
1734602939.1714125,4095,352,2315
1734602939.2299354,4095,353,2357
1734602939.2923205,4095,346,2403
1734602939.352046,4095,374,2378
1734602939.462958,0,3297,203
1734602939.533678,0,3378,196
1734602939.5912507,0,3379,208
1734602939.6393268,0,3376,207
1734602939.7714229,0,3365,225
1734602939.8296046,0,3287,238
1734602939.8933806,103,1232,118
1734602940.0068822,0,916,0
1734602940.0711708,0,934,0
1734602940.1303833,0,964,0
1734602940.1927342,2429,0,1891
1734602940.2480834,987,150,883
1734602940.304905,0,893,55
1734602940.368489,0,2484,251
1734602940.430994,0,3288,393
1734602940.4925365,0,3285,355
1734602940.600643,0,3201,342
1734602940.6720982,0,3265,239
1734602940.7315423,0,3266,203
1734602940.7955248,0,3209,183
1734602940.8425553,0,2733,97
1734602940.9055102,0,2832,117
1734602940.9732676,0,3294,367
1734602941.0324519,0,3151,322
1734602941.0908456,0,2514,235
1734602941.203476,0,1568,127
1734602941.271126,0,0,84
1734602941.3328273,17,0,219
1734602941.384953,288,0,406
1734602941.4469206,581,0,733
1734602941.5004365,1872,223,1926
1734602941.57382,2361,316,2301
1734602941.632984,3309,496,3114
1734602941.6925824,3455,528,3215
1734602941.7481124,84,2201,0
1734602941.808879,137,2612,50
1734602941.8740718,112,3088,126
1734602941.981712,120,3237,169
1734602942.173505,83,2723,70
1734602942.233889,138,2704,61
1734602942.2916465,182,2285,13
1734602942.3500118,173,2174,0
1734602942.4073925,153,1758,0
1734602942.5250542,4095,0,3742
1734602942.6448932,3938,544,3654
1734602942.6988504,3898,542,3643
1734602942.7743177,3886,547,3651
1734602942.8230393,3841,560,3631
1734602942.8908384,3870,570,3633
1734602942.95312,4095,0,3655
1734602943.0124152,3833,588,3635
1734602943.0605376,3929,584,3632
1734602943.1322577,3103,531,3033
1734602943.1925187,2422,367,2364
1734602943.2424192,1872,230,1791
1734602943.3702364,0,3254,157
1734602943.4185998,1,3279,159
1734602943.549399,0,3262,166
1734602943.6718214,0,3345,160
1734602943.7900624,0,3382,161
1734602943.9019294,0,3386,158
1734602943.9714608,0,3389,150
1734602944.0247655,0,3397,147
1734602944.092931,0,3409,155
1734602944.145661,42,3406,155
1734602944.272591,998,300,966
1734602944.3879786,1619,175,1511
1734602944.452623,0,1264,0
1734602944.5752788,1527,247,1285
1734602944.6914496,0,1737,0
1734602944.799918,3741,470,3111
1734602944.8728182,3809,560,3147
1734602944.9283469,2554,326,2229
1734602944.9930885,3332,469,2810
1734602945.041153,2768,374,2288
1734602945.1064785,230,3269,161
1734602945.1709864,304,3303,170
1734602945.2919862,313,3301,171
1734602945.3429105,313,3311,160
1734602945.40648,309,3312,166
1734602945.518143,225,3279,160
1734602945.5912251,292,3311,161
1734602945.6405582,269,3307,173
1734602945.7027721,258,3312,170
1734602945.825719,175,3323,167
1734602945.891566,165,3331,167
1734602946.0573685,503,362,77
1734602946.1249845,307,320,0
1734602946.1929035,403,156,9
1734602946.2419527,577,27,154
1734602946.304448,468,29,81
1734602946.4322233,637,0,288
1734602946.5465646,629,0,287
1734602946.6115556,135,240,0
1734602946.6620655,76,1115,0
1734602946.7296755,43,1509,0
1734602946.8476138,0,2175,7
1734602946.9102008,0,2473,45
1734602947.0327706,1456,0,1331
1734602947.092852,1360,115,1402
1734602947.2127564,395,0,502
1734602947.3314872,91,0,231
1734602947.3876765,0,0,128
1734602947.5039132,302,0,432
1734602947.5745325,341,0,465
1734602947.6265213,219,0,348
1734602947.7490182,0,0,67
1734602947.8120658,0,3257,176
1734602947.863738,0,3301,182
1734602947.9232821,0,3138,133
1734602948.0455165,0,3315,181
1734602948.1727173,0,3263,183
1734602948.229653,0,3323,185
1734602948.2881825,0,3327,181
1734602948.3522313,0,3341,177
1734602948.4121332,0,3344,176
1734602948.4727306,0,3347,175
1734602948.5232413,1774,0,1264
1734602948.5917885,1154,29,825
1734602948.6467688,690,0,399
1734602948.711059,974,0,688
1734602948.8876638,1008,29,722
1734602948.951835,1003,0,646
1734602949.0006588,321,0,67
1734602949.1328108,225,0,0
1734602949.1873057,315,0,0
1734602949.3629427,0,3345,181
1734602949.4307482,0,3345,181
1734602949.483783,0,3344,185
1734602949.6608455,0,3260,182
1734602949.7319145,0,3157,161
1734602949.792591,0,2420,63
1734602949.9726481,1577,132,1518
1734602950.0295236,318,2785,90
1734602950.0926633,322,3268,175
1734602950.2130265,333,3247,176
1734602950.2621598,267,3248,177
1734602950.3932686,852,498,174
1734602950.50017,400,2598,51
1734602950.572181,415,1809,0
1734602950.61949,407,2096,0
1734602950.7519462,199,701,0
1734602950.8605194,4095,325,3184
1734602950.92811,4095,361,3253
1734602951.0528595,4095,400,3354
1734602951.1041076,4095,0,3517
1734602951.1731212,4095,441,3459
1734602951.2331638,4095,463,3491
1734602951.2900302,4095,477,3504
1734602951.3536491,4095,496,3504
1734602951.4579997,130,903,0
1734602951.5297058,193,1058,0
1734602951.65179,337,1689,0
1734602951.7037988,509,2327,11
1734602951.832094,643,1223,0
1734602951.8872504,2550,0,1674
1734602951.952272,2121,155,1450
1734602952.0706162,494,1100,0
1734602952.1884904,226,3249,153
1734602952.303503,4095,0,3626
1734602952.3723276,3922,599,3646
1734602952.492474,3733,607,3539
1734602952.607906,3355,538,3111
1734602952.726551,4095,558,3326
1734602952.7925642,2418,310,2129
1734602952.840629,3277,483,2793
1734602952.9132233,2699,353,2288
1734602952.961493,3088,443,2635
1734602953.020224,0,3315,147
1734602953.0850196,36,3357,156
1734602953.147331,67,3375,159
1734602953.2069142,102,3367,158
1734602953.33159,158,3360,159
1734602953.3800669,111,3310,162
1734602953.4437547,212,3342,163
1734602953.499722,257,3313,166
1734602953.571701,304,3277,166
1734602953.6283247,336,2640,53
1734602953.7529886,4095,0,2879
1734602953.800884,4095,470,2927
1734602953.8717005,4095,467,2992
1734602953.932637,4095,491,3083
1734602953.9886975,3101,410,2543
1734602954.0531318,4095,528,3147
1734602954.1131687,3396,0,2478
1734602954.172964,1392,48,990
1734602954.229286,4095,478,3088
1734602954.282136,1851,774,1402
1734602954.4601648,4095,496,3242
1734602954.5328326,0,3058,119
1734602954.590383,47,3253,153
1734602954.699942,167,0,3
1734602954.7734113,511,0,349
1734602954.827248,561,0,413
1734602954.8932142,963,0,706
1734602954.952665,0,541,0
1734602955.0726154,0,3326,183
1734602955.1323025,0,3344,179
1734602955.192099,0,3340,176
1734602955.251151,1350,0,713
1734602955.3122532,4095,432,2973
1734602955.3719769,4095,469,2965
1734602955.420516,2861,333,2211
1734602955.4929116,4003,493,2922
1734602955.5528932,3881,501,2819
1734602955.601343,1227,0,557
1734602955.7323062,1952,133,1314
1734602955.7923903,1486,38,869
1734602955.8520756,1234,0,651
1734602955.9089108,573,0,34
1734602955.9723341,0,3221,166
1734602956.032651,0,3098,126
1734602956.0869355,2,3272,171
1734602956.1510377,0,3271,169
1734602956.2104034,2,3270,165
1734602956.2732854,16,3277,169
1734602956.3230374,0,3229,152
1734602956.3939455,0,3280,167
1734602956.4442194,0,3303,163
1734602956.5092595,0,3331,160
1734602956.573589,0,3421,170
1734602956.623948,0,3344,165
1734602956.6911259,4029,0,2640
1734602956.744224,3667,463,2751
1734602956.809373,3792,483,2811
1734602956.8756924,2710,307,2103
1734602957.0414839,1794,0,1136
1734602957.1057193,1163,0,691
1734602957.1740348,939,0,482
1734602957.233626,1095,0,619
1734602957.2909381,1321,12,823
1734602957.3379607,2275,246,1693
1734602957.4122431,0,3277,195
1734602957.5222483,0,3349,232
1734602957.5936854,0,3344,240
1734602957.640917,0,3094,200
1734602957.7042105,0,2859,177
1734602957.7726161,0,2453,127
1734602957.8236191,0,1966,85
1734602957.888505,0,1071,12
1734602957.952562,77,0,165
1734602958.0031576,1524,122,1518
1734602958.0718527,4095,435,3557
1734602958.1307566,3205,0,2135
1734602958.1935005,2559,256,1887
1734602958.2414958,2226,199,1626
1734602958.30743,1670,113,1156
1734602958.3731856,685,29,323
1734602958.4308496,135,591,0
1734602958.4912574,62,2175,0
1734602958.5413818,356,2106,138
1734602958.603673,37,3251,160
1734602958.6725626,96,3229,173
1734602958.7322705,89,2970,103
1734602958.7835453,24,3248,166
1734602958.8433244,0,3307,258
1734602958.9099426,0,3403,251
1734602958.9724138,0,3409,263
1734602959.0321703,0,3408,272
1734602959.0847912,0,3431,278
1734602959.1456826,0,3429,275
1734602959.2088175,0,3296,272
1734602959.2718227,0,3401,278
1734602959.393175,0,3174,239
1734602959.4438653,0,2304,109
1734602959.5723946,0,57,48
1734602959.6236753,4095,0,2721
1734602959.6932333,338,1358,22
1734602959.7437718,80,2917,98
1734602959.7998474,61,2333,15
1734602959.925873,0,3070,163
1734602959.9912562,0,2979,165
1734602960.0412319,0,2666,75
1734602960.103507,0,3259,215
1734602960.1718917,0,3262,209
1734602960.232245,0,3263,174
1734602960.2928596,0,3248,174
1734602960.3429205,0,3337,208
1734602960.406895,0,3423,209
1734602960.4697034,0,3422,203
1734602960.5865655,0,3423,206
1734602960.6426802,0,3415,213
1734602960.7043025,0,3405,208
1734602960.773623,0,3312,218
1734602960.8934276,0,3366,250
1734602960.951391,0,3170,218
1734602961.013303,0,2863,194
1734602961.0724478,0,2231,128
1734602961.1258464,3571,0,2235
1734602961.190825,991,398,363
1734602961.2519999,461,789,0
1734602961.3602164,325,574,0
1734602961.4324913,287,3119,131
1734602961.492036,449,2281,9
1734602961.5399685,413,1245,0
1734602961.6708107,511,823,0
1734602961.7811646,1934,112,1277
1734602961.8513782,1221,246,105
1734602961.9068894,1409,0,191
1734602962.0195456,1478,0,118
1734602962.0919042,2123,0,657
1734602962.1397943,2994,117,1335
1734602962.2044299,4095,0,2015
1734602962.2714257,4095,253,2094
1734602962.3241258,4095,257,2141
1734602962.3929114,4095,274,2160
1734602962.4404132,4018,288,2041
1734602962.563066,0,3332,162
1734602962.683492,0,3345,168
1734602962.7511003,0,3352,163
1734602962.8062797,0,3341,169
1734602962.8700988,0,3335,169
1734602962.924191,0,3319,162
1734602962.9916327,0,3333,166
1734602963.0411856,0,3312,170
1734602963.1077266,0,3309,174
1734602963.1710696,0,2999,115
1734602963.2295942,16,1786,0
1734602963.2929807,3175,0,1607
1734602963.3521526,1870,43,619
1734602963.4012716,1139,279,0
1734602963.473446,4095,277,2238
1734602963.5222063,2365,336,1058
1734602963.5924294,2283,5,1104
1734602963.6532803,4095,0,2559
1734602963.701948,4095,410,2518
1734602963.7718115,2613,147,1437
1734602963.8327386,2445,106,1232
1734602963.891377,3606,278,2045
1734602963.947596,2889,174,1594
1734602963.9996064,0,2763,80
1734602964.0764759,0,3301,174
1734602964.1218386,0,3318,173
1734602964.1883652,0,3319,176
1734602964.2520192,0,3323,171
1734602964.3095195,0,3332,175
1734602964.359586,0,3311,171
1734602964.4329891,0,3344,169
1734602964.4915574,0,3362,170
1734602964.5517254,0,3361,165
1734602964.5999184,0,3349,161
1734602964.6730845,0,3330,159
1734602964.7936265,3495,367,2339
1734602964.847475,2405,165,1474
1734602964.9136891,2134,96,1248
1734602964.9747417,2451,177,1535
1734602965.0202434,2158,128,1301
1734602965.0884428,2255,0,1267
1734602965.1522064,1715,36,912
1734602965.1998284,1380,0,607
1734602965.2710981,1502,0,719
1734602965.33157,1950,77,1136
1734602965.3889763,2512,213,1686
1734602965.4434106,0,3283,189
1734602965.507766,0,3344,195
1734602965.5719225,0,3343,213
1734602965.6303506,0,3302,221
1734602965.6924498,0,3156,201
1734602965.74849,0,3055,207
1734602965.812763,0,2917,205
1734602965.8708231,0,3014,230
1734602965.9259338,0,3155,263
1734602965.9936152,0,3153,274
1734602966.0429459,0,2898,253
1734602966.1054583,0,2942,256
1734602966.1735034,4095,0,2699
1734602966.2258546,1872,176,1371
1734602966.2928834,907,0,592
1734602966.3380299,578,56,377
1734602966.4104567,0,1206,0
1734602966.4583387,0,3105,150
1734602966.5230243,11,3227,176
1734602966.5937097,0,3243,175
1734602966.6520617,232,3208,155
1734602966.700497,371,2240,11
1734602966.7723076,366,1421,0
1734602966.828006,369,2556,49
1734602966.9470396,0,3456,334
1734602967.0116065,0,3440,301
1734602967.0592256,0,3445,320
1734602967.1237195,0,3435,315
1734602967.188323,0,3451,336
1734602967.2511818,0,3301,331
1734602967.3014884,0,3375,340
1734602967.373989,0,2800,253
1734602967.4296014,0,426,98
1734602967.4882357,2267,271,2273
1734602967.5458808,4095,453,3583
1734602967.6038547,207,2919,105
1734602967.6730921,277,2621,56
1734602967.7323718,281,2554,47
1734602967.7874994,301,2154,0
1734602967.8485563,339,976,0
1734602967.9122922,339,54,0
1734602967.9622505,406,94,0
1734602968.0312352,254,333,0
1734602968.09151,210,774,0
1734602968.1409879,1302,79,453
1734602968.2119522,1008,1933,0
1734602968.259478,877,1973,0
1734602968.3324687,4095,0,3418
1734602968.3908794,4095,435,3230
1734602968.4439476,3117,402,2633
1734602968.5115225,1961,177,1521
1734602968.5742097,662,16,208
1734602968.6191134,371,180,0
1734602968.689637,337,1733,0
1734602968.747457,464,2707,63
1734602968.805464,534,3291,176
1734602968.9336717,1109,3273,190
1734602968.9902017,858,2960,113
1734602969.051936,0,3237,151
1734602969.098222,1383,1434,1040
1734602969.1737425,0,998,0
1734602969.2265725,278,0,207
1734602969.2907414,0,2639,57
1734602969.3396165,0,2931,122
1734602969.4038823,47,1907,0
1734602969.4715376,0,3275,173
1734602969.5318284,48,2647,65
1734602969.5917783,0,2498,38
1734602969.644,0,3283,176
1734602969.7082105,0,3273,178
1734602969.7743204,3689,0,2183
1734602969.8204892,4095,375,2510
1734602969.892836,3982,355,2320
1734602969.9406397,4095,357,2417
1734602970.0050073,2826,267,1615
1734602970.0735438,1789,37,944
1734602970.1269805,2119,0,1088
1734602970.193494,618,1138,0
1734602970.312145,610,276,0
1734602970.3620222,659,323,0
1734602970.4237673,2954,193,1904
1734602970.5508997,0,3283,227
1734602970.6067169,0,3387,222
1734602970.6798747,0,3393,222
1734602970.7264233,0,3373,208
1734602970.792247,0,3363,198
1734602970.9024718,0,3355,204
1734602970.9735916,0,3266,184
1734602971.0311513,0,2234,23
1734602971.0915294,0,3367,207
1734602971.1469548,0,3322,194
1734602971.211325,0,3323,199
1734602971.258913,0,3323,204
1734602971.3217552,4095,0,2464
1734602971.3893137,4095,336,2433
1734602971.4529889,3922,304,2155
1734602971.4998674,4095,322,2325
1734602971.5728111,3184,403,1611
1734602971.6327734,1770,0,295
1734602971.693134,3028,0,1421
1734602971.7528968,3011,180,1530
1734602971.809083,3011,190,1623
1734602971.9216666,2640,156,1467
1734602971.9929984,2494,135,1395
1734602972.0486069,0,3277,206
1734602972.112842,0,3350,211
1734602972.160307,0,3355,214
1734602972.2289305,0,3360,222
1734602972.2965348,0,3355,222
1734602972.3389137,0,3351,229
1734602972.403456,0,3271,225
1734602972.4722154,0,3365,231
1734602972.53186,0,3378,224
1734602972.5922077,0,3364,225
1734602972.6529412,0,3363,225
1734602972.71189,0,3349,226
1734602972.8178952,1148,195,922
1734602972.9479983,128,1839,0
1734602973.012854,0,2303,10
1734602973.0706847,0,2975,119
1734602973.131824,2,2975,106
1734602973.1918557,79,3248,159
1734602973.2516868,187,2703,58
1734602973.3097086,210,1558,0
1734602973.4327185,256,0,0
1734602973.4927793,444,0,217
1734602973.5484724,94,19,0
1734602973.6125684,53,700,0
1734602973.6710696,46,3207,137
1734602973.795556,107,3327,163
1734602973.8504772,71,3289,162
1734602973.9125733,222,3310,166
1734602973.9739347,313,3296,164
1734602974.0333397,396,3280,165
1734602974.093219,458,3306,160
1734602974.1506786,490,3314,158
1734602974.2138424,1575,0,1170
1734602974.2709556,110,369,48
1734602974.331285,0,711,148
1734602974.3872368,2762,230,1529
1734602974.4508417,596,834,126
1734602974.5063348,2213,146,1754
1734602974.6333516,4095,0,3206
1734602974.6903822,4095,458,3071
1734602974.7469296,507,3217,313
1734602974.8123608,2329,186,2041
1734602974.8724363,3273,497,2762
1734602974.9290965,0,3291,181
1734602974.99147,464,3235,158
1734602975.0478778,544,3281,165
1734602975.1127326,547,3279,159
1734602975.1581879,607,3255,171
1734602975.2323174,661,2933,96
1734602975.2929633,759,853,0
1734602975.3515975,1035,0,123
1734602975.4039626,1616,0,623
1734602975.5253124,2559,146,1459
1734602975.6523688,4095,382,2432
1734602975.7093308,4048,336,2257
1734602975.773528,4095,272,2342
1734602975.8899715,0,2955,98
1734602975.9498446,0,1478,0
1734602976.0050716,0,3280,169
1734602976.0731914,55,542,13
1734602976.1285825,1040,166,917
1734602976.1931818,0,3311,221
1734602976.2520084,0,3248,211
1734602976.3579361,0,3336,243
1734602976.4210777,0,3334,259
1734602976.4862244,0,3363,268
1734602976.542476,0,3407,269
1734602976.6064465,4095,0,2508
1734602976.6702862,4095,367,2559
1734602976.7187827,4095,395,2597
1734602976.7877634,3757,384,2416
1734602976.8469272,4095,421,2591
1734602976.9727757,3029,278,1979
1734602977.0207639,2351,0,1219
1734602977.089895,4095,335,2559
1734602977.1524668,2949,432,1899
1734602977.2114472,990,457,158
1734602977.3322804,4095,368,2698
1734602977.3938718,4095,410,2676
1734602977.4533858,0,3282,254
1734602977.510682,0,3399,261
1734602977.6874866,0,2921,202
1734602977.8098342,0,2457,128
1734602977.8721077,0,2783,183
1734602977.992849,0,2288,128
1734602978.0453942,0,2064,102
1734602978.1716795,0,1972,98
1734602978.2287707,0,687,2
1734602978.2930396,0,592,1
1734602978.3387766,0,573,0
1734602978.4112563,0,507,6
1734602978.4742696,2609,0,1535
1734602978.5301356,2190,134,1297
1734602978.6466975,1423,0,603
1734602978.7115262,1804,38,967
1734602978.7590709,1862,76,1050
1734602978.8237336,1658,29,880
1734602978.887366,2194,0,1286
1734602978.9507387,2102,123,1338
1734602979.0127242,2064,121,1327
1734602979.073742,2337,176,1607
1734602979.1315172,2997,308,2225
1734602979.2443354,4095,0,3371
1734602979.3127217,4095,563,3571
1734602979.3715127,4095,569,3549
1734602979.4332974,4095,562,3551
1734602979.553536,4095,552,3536
1734602979.6134965,4095,544,3519
1734602979.6713636,4095,0,3513
1734602979.721749,4095,559,3491
1734602979.7877054,4095,557,3440
1734602979.8493721,3454,551,3057
1734602979.9117076,4095,544,3326
1734602979.9613674,4095,553,3280
1734602980.0190172,0,3241,166
1734602980.0911355,0,3280,166
1734602980.1388097,0,3271,176
1734602980.2030506,0,3309,175
1734602980.2724495,0,3323,176
1734602980.3311474,0,3313,188
1734602980.3898554,0,3251,187
1734602980.4509964,0,3321,209
1734602980.5135324,0,3312,218
1734602980.5713027,0,3319,227
1734602980.6264284,0,3325,236
1734602980.7505324,757,0,60
1734602980.8127854,858,0,154
1734602980.8724082,1240,0,465
1734602980.9299688,1904,66,1086
1734602980.9804692,2187,135,1360
1734602981.0439444,2549,208,1709
1734602981.1001287,4095,0,2532
1734602981.1739593,4095,418,2693
1734602981.2889194,4035,445,2656
1734602981.3437855,4095,403,2694
1734602981.4082594,4095,403,2704
1734602981.4719496,720,537,132
1734602981.527804,1297,0,717
1734602981.5913038,4095,417,2866
1734602981.6522062,4095,422,2886
1734602981.7132142,3445,462,2656
1734602981.7574158,374,708,75
1734602981.8312776,2448,43,1765
1734602981.9522588,240,717,43
1734602982.0101557,0,3248,160
1734602982.072904,0,3247,158
1734602982.1246965,0,3258,162
1734602982.1925435,0,3265,318
1734602982.2524476,0,3376,336
1734602982.301044,0,3342,332
1734602982.374096,0,2857,261
1734602982.4332004,0,2384,199
1734602982.4930212,0,1632,115
1734602982.553047,0,895,77
1734602982.6116598,0,102,38
1734602982.6732209,0,12,20
1734602982.7906108,133,0,194
1734602982.8528538,427,0,444
1734602982.9005418,1338,0,498
1734602982.9668105,1426,0,623
1734602983.0293899,1625,0,809
1734602983.0915096,1949,69,1129
1734602983.1409862,1795,47,1005
1734602983.2130349,1920,80,1157
1734602983.3250098,2235,176,1534
1734602983.3927522,1753,90,1133
1734602983.453269,1230,11,697
1734602983.5008636,613,0,198
1734602983.5730178,213,496,0
1734602983.6794763,0,1662,73
1734602983.7415562,0,1487,64
1734602983.8061254,0,1275,64
1734602983.8738594,0,1793,112
1734602983.9327826,0,3245,288
1734602983.9903495,0,3281,323
1734602984.0504556,0,3403,327
1734602984.1108198,0,3413,325
1734602984.1585593,0,3415,321
1734602984.284618,0,3428,317
1734602984.3435493,3700,0,2287
1734602984.4074168,854,747,121
1734602984.5334485,4095,455,2714
1734602984.5939846,2651,240,1808
1734602984.6397023,3483,380,2457
1734602984.704054,4095,0,2658
1734602984.8271935,1887,90,1150
1734602984.9493387,1008,0,304
1734602984.9989166,1312,0,592
1734602985.0730252,1472,0,714
1734602985.1337595,0,3296,247
1734602985.1933727,0,3417,256
1734602985.2535093,0,3408,258
1734602985.3127384,0,3412,249
1734602985.4272838,0,3359,255
1734602985.492138,0,3104,206
1734602985.5517855,0,3237,228
1734602985.6035228,0,3237,208
1734602985.673403,0,3052,178
1734602985.7320192,0,2694,128
1734602985.7858715,0,2450,85
1734602985.8492312,0,2129,48
1734602985.9065437,1507,0,465
1734602986.033938,2389,131,1459
1734602986.086035,2139,70,1072
1734602986.1461377,720,1371,0
1734602986.25841,2790,0,1847
1734602986.3311853,3849,487,2943
1734602986.3875694,3841,555,3088
1734602986.444352,537,321,437
1734602986.5088289,0,0,125
1734602986.577861,1360,209,1661
1734602986.6350873,0,3302,215
1734602986.6902292,0,3376,219
1734602986.7506998,0,3377,223
1734602986.8039677,0,3376,218
1734602986.8743925,0,3371,239
1734602986.9331734,237,2336,366
1734602986.989554,0,883,0
1734602987.0521429,0,1203,0
1734602987.1743734,0,1666,31
1734602987.2322412,0,897,0
1734602987.2895474,689,0,688
1734602987.343981,2642,335,2503
1734602987.4730115,45,2997,118
1734602987.584496,10,3094,122
1734602987.6486816,85,2514,38
1734602987.7137773,166,1760,0
1734602987.778905,330,318,0
1734602987.8337824,547,0,96
1734602987.8849652,624,0,59
1734602987.951866,625,0,112
1734602988.012859,720,0,227
1734602988.0736,2060,89,1520
1734602988.1306434,1981,0,1280
1734602988.1905568,1457,19,881
1734602988.2412958,1073,0,469
1734602988.3037,722,0,115
1734602988.37142,511,11,0
1734602988.4317272,528,400,0
1734602988.4851916,470,994,0
1734602988.5471642,560,2370,14
1734602988.6115527,547,3273,168
1734602988.6591208,560,3278,173
1734602988.7265708,567,3274,170
1734602988.8397503,0,3245,157
1734602988.9614275,0,144,0
1734602989.0250335,0,3366,149
1734602989.093447,0,2845,91
1734602989.1516736,0,1920,0
1734602989.2079597,0,3279,176
1734602989.3224664,0,2905,126
1734602989.389795,0,3349,194
1734602989.442809,0,3349,214
1734602989.5116425,0,3376,210
1734602989.572817,592,1879,0
1734602989.6310604,667,896,0
1734602989.7532196,1870,29,976
1734602989.8134596,2672,200,1712
1734602989.8732285,2302,134,1364
1734602989.9324975,2710,0,1570
1734602989.9929338,2608,184,1623
1734602990.0529115,3481,333,2267
1734602990.1732595,4095,353,2555
1734602990.2339528,4095,347,2555
1734602990.2914927,0,3235,162
1734602990.353227,0,3325,160
1734602990.4091725,0,3325,174
1734602990.4728837,0,3297,183
1734602990.5313697,0,3318,174
1734602990.6415398,0,3266,174
1734602990.7119884,0,3335,174
1734602990.773128,0,3366,167
1734602990.8327787,0,3350,156
1734602990.893302,0,3378,165
1734602990.952716,0,3386,163
1734602991.012445,4095,0,2401
1734602991.1241462,4095,353,2518
1734602991.1920302,4095,377,2511
1734602991.2518733,3306,304,2117
1734602991.3012228,3632,355,2270
1734602991.3745596,3758,0,2134
1734602991.432722,4095,342,2542
1734602991.4937203,670,3241,151
1734602991.6060312,4095,362,2691
1734602991.674686,3281,332,2191
1734602991.7318618,0,3301,234
1734602991.7900512,0,3388,229
1734602991.8522112,0,3397,212
1734602991.9041462,0,3396,194
1734602991.9711936,0,3390,191
1734602992.019749,0,3318,196
1734602992.0854795,0,3312,177
1734602992.1532347,0,3333,176
1734602992.212863,0,3335,178
1734602992.2714572,0,3335,177
1734602992.321229,0,3330,175
1734602992.3928015,0,3335,163
1734602992.4399726,4095,0,2938
1734602992.503623,2772,326,2032
1734602992.5753694,981,0,438
1734602992.6273768,4095,451,2909
1734602992.6924474,4095,470,2831
1734602992.7408848,2880,295,2067
1734602992.802503,4095,0,2752
1734602992.873106,2691,318,1846
1734602992.921042,598,863,0
1734602992.9888113,608,35,0
1734602993.0530775,846,0,136
1734602993.1019657,656,0,23
1734602993.1709216,0,3265,166
1734602993.2297163,0,3267,158
1734602993.292574,0,3323,176
1734602993.3497546,0,3261,156
1734602993.407001,0,3119,134
1734602993.5186555,0,3321,197
1734602993.588245,0,3305,195
1734602993.651601,0,3347,205
1734602993.700716,0,3083,160
1734602993.771132,0,3024,167
1734602993.8227596,0,3423,247
1734602993.8877964,3129,0,2304
1734602993.9515355,2018,187,1583
1734602994.0715585,1462,64,1072
1734602994.1228485,1584,91,1168
1734602994.2445853,1490,66,1099
1734602994.3065617,2378,0,1738
1734602994.3705292,2139,209,1709
1734602994.4252996,2113,208,1695
1734602994.545692,2162,229,1767
1734602994.6040277,1906,179,1535
1734602994.6723542,0,779,0
1734602994.7302094,0,783,0
1734602994.7905219,0,777,0
1734602994.898868,0,789,0
1734602994.9706817,0,784,0
1734602995.0328174,0,823,0
1734602995.0914564,0,853,0
1734602995.1467175,0,952,0
1734602995.211436,0,981,0
1734602995.2731893,0,976,0
1734602995.3237298,0,878,0
1734602995.4473834,446,1937,62
1734602995.502785,208,2462,23
1734602995.5708194,184,2923,93
1734602995.6309326,155,3300,177
1734602995.6936357,176,2997,112
1734602995.7479558,313,1202,0
1734602995.8074257,343,921,0
1734602995.8735414,304,1782,0
1734602995.9289606,245,1776,0
1734602996.048913,160,3282,167
1734602996.10847,1011,899,396
1734602996.172337,4095,0,2496
1734602996.2333882,4095,341,2483
1734602996.2864113,4095,336,2473
1734602996.3495467,4095,388,2558
1734602996.4132342,4095,414,2661
1734602996.4595342,2930,310,1872
1734602996.5228305,3085,0,1999
1734602996.5927668,2202,169,1385
1734602996.6522741,1389,0,554
1734602996.7103496,4095,372,2723
1734602996.8224173,2186,606,1311
1734602996.8875415,623,2428,33
1734602996.950973,0,2880,217
1734602996.998532,0,3393,293
1734602997.0710309,0,3418,289
1734602997.1923974,0,3411,284
1734602997.2516618,0,3414,286
1734602997.3062103,0,3290,282
1734602997.3722456,0,3429,272
1734602997.4331126,0,3435,270
1734602997.4929419,0,3414,252
1734602997.552842,0,3426,249
1734602997.599161,0,3418,234
1734602997.6727562,4095,0,2691
1734602997.7254717,4095,390,2671
1734602997.7924063,4095,430,2647
1734602997.8534179,1215,125,406
1734602997.9111323,2701,206,1765
1734602997.9589846,4095,398,2640
1734602998.0323288,4095,0,2559
1734602998.0915787,4095,406,2661
1734602998.1527226,4095,445,2676
1734602998.211759,4095,308,2693
1734602998.259253,2101,2869,1379
1734602998.3320491,507,2165,0
1734602998.392128,0,3248,231
1734602998.4510357,0,3385,272
1734602998.4988427,0,3353,263
1734602998.5732577,0,3351,263
1734602998.6291096,0,3360,262
1734602998.6933804,0,3344,264
1734602998.7513733,0,3275,257
1734602998.81356,0,3188,218
1734602998.8607724,0,3041,200
1734602998.9248092,0,2697,137
1734602999.0512965,0,1754,18
1734602999.1016593,131,0,153
1734602999.1733155,177,2617,60
1734602999.2210903,100,1587,0
1734602999.3515468,16,3247,167
1734602999.4126885,38,3245,173
1734602999.4604287,64,3258,165
1734602999.5317223,52,3249,172
1734602999.5846934,0,3209,173
1734602999.65185,85,2958,108
1734602999.707233,93,3024,118
1734602999.8193774,61,3287,171
1734602999.8923466,560,1410,145
1734602999.9402852,0,2815,144
1734603000.0133703,0,3329,208
1734603000.0724225,0,3152,136
1734603000.1332488,0,2946,102
1734603000.1849806,64,2822,75
1734603000.3095262,223,1091,0
1734603000.3730557,394,98,29
1734603000.4210064,346,0,0
1734603000.4880397,274,2542,37
1734603000.5503483,265,3311,162
1734603000.613401,293,3299,165
1734603000.6609366,324,3297,166
1734603000.7935152,0,2911,144
1734603000.8526976,0,1943,22
1734603000.9024444,0,3312,226
1734603000.971195,0,2971,179
1734603001.0304813,0,2606,130
1734603001.147014,0,3349,251
1734603001.20677,0,3255,249
1734603001.2722652,0,3349,260
1734603001.3320203,0,3373,258
1734603001.3927162,0,3371,253
1734603001.4529548,0,3361,243
1734603001.4986463,0,3359,240
1734603001.5721226,2834,0,1712
1734603001.7431417,3097,301,2060
1734603001.812638,2511,153,1502
1734603001.8715808,4095,368,2656
1734603001.9271867,1124,1966,263
1734603001.9924486,1328,0,549
1734603002.0530522,4095,0,2761
1734603002.1731644,2715,202,1792
1734603002.2320127,4095,373,2640
1734603002.2875457,2531,640,1456
1734603002.3517253,0,3087,143
1734603002.4089012,0,3335,176
1734603002.5334694,0,3351,175
1734603002.65354,0,3347,178
1734603002.772508,0,3281,176
1734603002.8829172,0,3357,181
1734603002.9455562,0,3363,179
1734603003.0022435,0,3361,183
1734603003.0706298,0,3359,183
1734603003.1183784,400,735,113
1734603003.251641,707,745,334
1734603003.3128624,276,793,0
1734603003.364454,134,2635,56
1734603003.4340317,0,3248,166
1734603003.486547,75,3170,143
1734603003.5433543,91,1462,0
1734603003.60707,111,2461,23
1734603003.6718314,131,2995,112
1734603003.790386,143,3056,123
1734603003.8459296,144,2922,95
1734603003.96608,3415,0,2668
1734603004.0330396,3238,437,2777
1734603004.0935886,2963,373,2539
1734603004.1446671,2175,237,1753
1734603004.2071197,262,153,0
1734603004.2702641,190,1147,0
1734603004.3837519,250,1471,0
1734603004.4474206,269,1459,0
1734603004.632492,347,1009,0
1734603004.7531786,1023,0,485
1734603004.8687854,0,3387,194
1734603004.9330926,0,3386,193
1734603004.9800577,0,3409,192
1734603005.0428054,0,3394,185
1734603005.1110158,0,3393,177
1734603005.171218,0,3329,162
1734603005.2281559,0,3376,164
1734603005.2935574,0,3370,161
1734603005.3536034,0,3369,158
1734603005.4026518,0,3346,159
1734603005.4725025,33,3282,158
1734603005.5227175,3558,0,2303
1734603005.5924273,753,282,177
1734603005.6398354,4095,422,2911
1734603005.703739,3630,454,2634
1734603005.772985,381,2809,80
1734603005.88483,2885,0,1877
1734603005.9425983,1625,29,894
1734603006.006734,2102,119,1346
1734603006.071542,2966,308,2128
1734603006.1194925,3045,327,2210
1734603006.1929233,2679,257,1916
1734603006.2401857,2035,0,1801
