timestamp,Right_Heel,Right_Middle,Right_Top
1734602756.29691,178,20,268
1734602756.3597686,106,11,207
1734602756.4162076,1,47,110
1734602756.4716353,0,129,53
1734602756.5361822,0,156,15
1734602756.5981016,0,112,55
1734602756.6578531,33,68,106
1734602756.7174976,102,64,167
1734602756.778246,144,112,189
1734602756.835877,80,129,134
1734602756.8939526,0,47,46
1734602756.9526536,946,818,0
1734602757.0167384,617,459,143
1734602757.0182018,810,626,0
1734602757.1297436,0,15,106
1734602757.197938,22,0,122
1734602757.2448463,80,27,162
1734602757.3731585,76,51,150
1734602757.4351842,69,75,152
1734602757.4994442,59,80,125
1734602757.5491858,19,51,95
1734602757.6757073,214,0,287
1734602757.737135,320,0,336
1734602757.7959743,227,103,326
1734602757.857183,112,423,205
1734602757.9168978,0,66,39
1734602757.9762652,66,162,148
1734602758.0293026,53,66,131
1734602758.098094,145,82,215
1734602758.1573493,118,66,180
1734602758.2164464,102,85,171
1734602758.2768548,0,123,48
1734602758.3359985,67,172,123
1734602758.4574087,87,153,130
1734602758.5164635,0,0,2179
1734602758.5774982,918,785,850
1734602758.6375256,82,0,208
1734602758.6972222,41,0,144
1734602758.757496,154,0,230
1734602758.8141398,1,0,128
1734602758.883944,54,0,144
1734602758.9312584,0,0,86
1734602758.9999366,0,38,85
1734602759.0482228,117,92,179
1734602759.115717,571,0,566
1734602759.1769469,499,0,494
1734602759.2384648,320,302,338
1734602759.291708,0,225,16
1734602759.3506536,324,524,380
1734602759.4731197,54,96,125
1734602759.5358381,0,79,79
1734602759.5365233,49,66,119
1734602759.5970747,148,84,193
1734602759.7172034,14,130,53
1734602759.7749612,271,256,260
1734602759.8375587,205,203,145
1734602759.9520981,0,0,3711
1734602760.0196,0,20,3510
1734602760.0772223,320,0,374
1734602760.1884127,233,0,280
1734602760.2574146,208,0,272
1734602760.3123713,93,0,172
1734602760.3766797,74,0,158
1734602760.4367654,128,59,195
1734602760.4969943,137,237,199
1734602760.5521827,373,0,386
1734602760.6170166,328,32,344
1734602760.6774726,237,110,272
1734602760.7357633,0,235,60
1734602760.7973666,96,163,147
1734602760.8539429,137,124,179
1734602760.9167857,91,77,143
1734602760.9782984,0,144,39
1734602761.0378358,0,131,47
1734602761.1572218,118,139,151
1734602761.2176292,0,123,0
1734602761.2758315,9,115,16
1734602761.3397293,0,0,3751
1734602761.456684,37,16,128
1734602761.5169485,49,0,112
1734602761.5765529,129,6,191
1734602761.6358383,2,0,80
1734602761.695314,35,21,108
1734602761.7565677,67,126,128
1734602761.8174713,231,178,259
1734602761.9299135,526,0,499
1734602761.996486,48,419,112
1734602762.0573685,461,277,457
1734602762.1126301,0,96,19
1734602762.23857,170,179,199
1734602762.2972236,0,148,11
1734602762.3573432,39,180,82
1734602762.4175339,61,133,112
1734602762.477262,139,199,175
1734602762.5398006,0,173,48
1734602762.5940819,0,198,43
1734602762.657695,0,52,656
1734602762.7061276,0,402,1904
1734602762.7802494,0,144,3603
1734602762.8835099,0,509,3508
1734602762.9608912,78,0,146
1734602763.0086575,16,0,112
1734602763.0801992,27,0,102
1734602763.129175,29,147,94
1734602763.1966918,135,164,176
1734602763.256747,153,0,186
1734602763.3165004,311,0,354
1734602763.3779678,1048,0,955
1734602763.5006776,0,109,11
1734602763.552082,109,48,144
1734602763.6170955,113,119,154
1734602763.6777167,0,213,35
1734602763.7885063,60,130,90
1734602763.855208,97,91,125
1734602763.9195454,0,208,0
1734602763.9772413,80,371,55
1734602764.0294957,0,208,2127
1734602764.0963678,0,176,3062
1734602764.1558633,0,0,3790
1734602764.212265,33,2,127
1734602764.275355,141,0,203
1734602764.3365426,81,0,144
1734602764.3977146,90,0,166
1734602764.4574084,113,0,179
1734602764.50336,127,70,177
1734602764.5776808,0,190,35
1734602764.637246,89,0,139
1734602764.6940775,61,0,134
1734602764.7609491,0,1019,18
1734602764.8161829,400,141,410
1734602764.8802242,0,38,48
1734602764.9324014,80,101,129
1734602764.995809,0,173,0
1734602765.056352,53,298,123
1734602765.1810002,0,55,202
1734602765.2995663,0,219,97
1734602765.3570387,0,268,71
1734602765.4173875,0,225,3425
1734602765.475124,0,7,3797
1734602765.5367396,205,0,359
1734602765.5961099,191,9,336
1734602765.6561258,167,0,306
1734602765.7038581,20,0,188
1734602765.7780635,81,0,231
1734602765.8981242,231,0,330
1734602765.957167,304,0,411
1734602766.0173218,441,0,556
1734602766.0758467,0,675,46
1734602766.0772166,510,208,572
1734602766.1354747,739,509,751
1734602766.1989799,0,0,112
1734602766.3123064,57,144,181
1734602766.3749964,0,112,111
1734602766.4401338,0,63,143
1734602766.494358,0,131,105
1734602766.5584536,0,155,71
1734602766.7248285,0,202,3743
1734602766.7975178,122,0,262
1734602766.8549879,113,64,239
1734602766.90858,57,14,195
1734602766.9750926,0,0,123
1734602767.0286148,30,0,176
1734602767.0984952,102,0,220
1734602767.1594949,0,69,64
1734602767.2107584,1,65,98
1734602767.2747881,0,4,34
1734602767.3399522,128,87,209
1734602767.391716,103,0,277
1734602767.455563,955,0,944
1734602767.5154712,432,0,482
1734602767.5763414,363,230,406
1734602767.6265655,43,0,138
1734602767.6974726,50,161,143
1734602767.7570014,0,163,63
1734602767.8178651,30,172,119
1734602767.9344754,0,97,40
1734602768.0558014,357,509,0
1734602768.1785386,0,0,3721
1734602768.2364452,362,477,381
1734602768.2958775,0,267,13
1734602768.3550835,282,0,355
1734602768.4185889,237,0,332
1734602768.4776156,133,0,247
1734602768.6551485,146,0,259
1734602768.7154286,174,0,292
1734602768.7782366,0,0,142
1734602768.8309667,69,0,174
1734602768.897302,0,260,117
1734602768.955828,594,0,613
1734602769.0119796,0,97,75
1734602769.1394093,0,64,102
1734602769.1967475,0,112,175
1734602769.3081498,0,64,128
1734602769.4414105,0,59,174
1734602769.4981623,0,75,146
1734602769.5543246,0,119,160
1734602769.6176708,0,133,179
1734602769.7377434,0,256,160
1734602769.796807,0,260,205
1734602769.9146552,0,256,185
1734602770.0940275,0,239,176
1734602770.1416826,0,208,164
1734602770.2206843,0,0,129
1734602770.3416297,0,11,90
1734602770.3976722,16,48,146
1734602770.5174289,16,31,147
1734602770.5748503,0,0,91
1734602770.6400454,290,0,394
1734602770.7518668,66,0,170
1734602770.81622,0,0,107
1734602770.9434137,27,0,126
1734602770.99237,0,0,66
1734602771.173343,18,98,127
1734602771.2322211,64,128,144
1734602771.2957928,22,102,114
1734602771.4238403,0,19,64
1734602771.4713206,917,845,0
1734602771.6001728,0,319,3549
1734602771.647744,0,0,195
1734602771.711272,112,0,279
1734602771.830524,44,10,192
1734602771.8984814,25,3,176
1734602772.0062804,0,72,139
1734602772.0698166,0,132,109
1734602772.1994245,335,299,463
1734602772.2474997,147,0,394
1734602772.31114,0,251,59
1734602772.4240494,90,122,199
1734602772.4932382,16,23,278
1734602772.5579784,66,80,354
1734602772.6761816,14,113,209
1734602772.7277517,0,68,213
1734602772.7945604,0,85,240
1734602772.8491287,0,87,94
1734602772.9124167,0,82,627
1734602772.9753034,0,39,1929
1734602773.0390434,0,18,3775
1734602773.096197,1287,875,1417
1734602773.1597822,0,0,172
1734602773.2707179,65,22,236
1734602773.3370826,53,16,217
1734602773.4578834,36,116,191
1734602773.5167603,134,0,265
1734602773.57803,107,112,242
1734602773.636194,1214,0,1179
1734602773.697826,195,0,313
1734602773.8163831,0,132,107
1734602773.876483,0,0,109
1734602773.9236872,0,0,101
1734602773.9979973,44,59,166
1734602774.055313,0,60,135
1734602774.119989,0,129,116
1734602774.1780584,64,162,189
1734602774.2373223,0,104,129
1734602774.2963378,0,99,145
1734602774.3559005,0,144,162
1734602774.4183562,16,102,170
1734602774.5372007,0,47,3744
1734602774.597875,0,59,3675
1734602774.6549022,34,0,187
1734602774.715667,19,0,216
1734602774.7782323,94,0,236
1734602774.8389246,59,0,209
1734602774.8969908,64,0,208
1734602774.955896,39,16,178
1734602775.0160038,27,70,153
1734602775.077983,71,26,196
1734602775.1250925,92,21,208
1734602775.194471,94,27,215
1734602775.316747,144,17,274
1734602775.3785214,257,233,339
1734602775.4374006,0,230,91
1734602775.4927495,0,0,80
1734602775.5581467,230,194,306
1734602775.6140435,5,128,115
1734602775.677588,0,128,70
1734602775.7372143,0,170,135
1734602775.7949796,0,118,179
1734602775.8546968,0,64,213
1734602775.9169285,40,69,214
1734602776.0336046,0,109,106
1734602776.15732,44,99,170
1734602776.2127666,0,33,3599
1734602776.3349602,0,0,169
1734602776.3930035,114,0,267
1734602776.5073495,51,0,208
1734602776.6349056,0,0,140
1734602776.6997375,23,6,171
1734602776.8174412,777,0,805
1734602776.876306,535,0,592
1734602776.938254,295,272,365
1734602777.0552266,0,0,103
1734602777.1782513,0,134,94
1734602777.2434793,32,29,171
1734602777.353695,5,38,133
1734602777.413288,0,112,98
1734602777.5405588,25,68,122
1734602777.5964391,138,193,0
1734602777.6567996,0,0,784
1734602777.7023208,0,233,1597
1734602777.7772112,0,258,3621
1734602777.8330555,238,362,405
1734602777.8990822,0,0,132
1734602777.9566615,11,0,178
1734602778.0127294,0,0,166
1734602778.0786834,5,0,162
1734602778.1355634,0,35,144
1734602778.1962907,42,0,179
1734602778.2436073,0,0,118
1734602778.3206418,383,0,480
1734602778.3776042,1216,0,1172
1734602778.4386675,391,176,476
1734602778.4969437,0,80,144
1734602778.5574691,16,0,151
1734602778.6084936,0,65,141
1734602778.6772356,25,151,161
1734602778.797985,5,96,123
1734602778.8578968,21,117,128
1734602778.9051077,2078,1846,0
1734602778.9803333,2714,2453,58
1734602779.0380278,2553,2315,43
1734602779.0969563,112,240,48
1734602779.1549811,43,197,0
1734602779.1570864,337,377,95
1734602779.2775562,0,81,147
1734602779.3364458,82,0,242
1734602779.3971412,130,0,271
1734602779.4568567,149,0,286
1734602779.5170205,0,90,138
1734602779.576389,0,76,80
1734602779.5777383,0,138,124
1734602779.696827,148,54,241
1734602779.7565157,96,60,205
1734602779.8176932,0,176,48
1734602779.8774097,562,288,638
1734602779.937752,0,175,176
1734602779.9968057,0,7,109
1734602780.0504656,0,165,117
1734602780.1077843,0,242,155
1734602780.237964,34,87,175
1734602780.289368,67,80,191
1734602780.3574338,65,80,186
1734602780.415815,0,171,75
1734602780.4752045,0,146,82
1734602780.5394852,272,352,0
1734602780.598283,0,46,2305
1734602780.6574779,0,0,3738
1734602780.7117102,80,123,186
1734602780.7774718,341,0,481
1734602780.8379362,282,0,389
1734602780.8979003,147,0,275
1734602780.9578867,66,0,208
1734602781.016914,42,10,190
1734602781.0776825,12,144,144
1734602781.133722,190,0,297
1734602781.1966884,123,0,245
1734602781.2578866,1297,0,1229
1734602781.3108401,277,83,422
1734602781.3776047,43,35,233
1734602781.436666,80,320,273
1734602781.439386,0,58,112
1734602781.4957685,0,117,125
1734602781.6115513,0,235,112
1734602781.680669,26,251,144
1734602781.735978,80,63,234
1734602781.7972503,28,88,174
1734602781.8557792,0,103,105
1734602781.9775248,29,182,116
1734602782.097499,0,23,3737
1734602782.1468182,0,0,3772
1734602782.2164915,148,208,257
1734602782.2781727,301,0,454
1734602782.3224826,272,0,425
1734602782.3952758,211,0,367
1734602782.4585638,23,0,198
1734602782.5162182,39,0,198
1734602782.575607,2,0,163
1734602782.5773778,0,54,153
1734602782.6957066,66,27,205
1734602782.7577965,48,105,189
1734602782.8177452,598,0,720
1734602782.8769462,0,171,114
1734602782.93765,118,311,279
1734602782.9983554,139,316,317
1734602783.054158,0,0,130
1734602783.1154685,19,110,189
1734602783.23744,165,402,288
1734602783.2969198,4,80,142
1734602783.3578281,0,101,127
1734602783.4154236,30,91,159
1734602783.4780521,0,57,94
1734602783.539873,5,32,176
1734602783.5935562,0,208,109
1734602783.6573539,48,220,183
1734602783.7160075,17,157,145
1734602783.7777145,32,0,242
1734602783.8363147,70,0,251
1734602783.95675,39,0,209
1734602784.0176167,46,0,208
1734602784.0765855,17,0,176
1734602784.136315,14,21,167
1734602784.1973667,50,73,193
1734602784.2480302,101,45,240
1734602784.312784,157,37,283
1734602784.3754816,161,22,291
1734602784.4373517,0,208,90
1734602784.4960907,319,323,475
1734602784.6172857,21,119,164
1734602784.726656,131,10,298
1734602784.7975836,33,36,229
1734602784.8457813,0,24,204
1734602784.9176362,63,22,265
1734602784.9769018,128,33,307
1734602785.0295155,0,41,1059
1734602785.093806,0,34,3786
1734602785.1421216,0,106,3781
1734602785.2178867,0,78,166
1734602785.2762377,0,70,155
1734602785.3401306,0,0,146
1734602785.3938894,0,0,115
1734602785.4603512,0,43,127
1734602785.5167136,0,112,128
1734602785.5775168,85,45,176
1734602785.6375277,34,117,157
1734602785.697546,1493,0,1454
1734602785.7578056,17,274,251
1734602785.8168392,0,66,108
1734602785.8774827,94,336,282
1734602785.9280875,0,139,190
1734602785.9994862,0,336,4095
1734602786.0502455,0,372,143
1734602786.1187441,58,112,270
1734602786.177835,39,139,206
1734602786.2259114,0,113,160
1734602786.2998912,0,127,195
1734602786.355859,1125,883,0
1734602786.417259,403,394,134
1734602786.4780953,0,137,3049
1734602786.5385065,98,187,247
1734602786.658062,243,0,377
1734602786.7172043,187,0,349
1734602786.7795198,81,0,239
1734602786.836378,71,0,230
1734602786.895989,16,48,176
1734602786.955087,44,83,164
1734602787.015428,0,17,103
1734602787.0765033,682,0,817
1734602787.0772192,391,149,550
1734602787.1377833,306,45,465
1734602787.197583,0,255,69
1734602787.3178334,18,165,161
1734602787.3782077,0,175,101
1734602787.4374354,388,1061,388
1734602787.4979937,302,641,336
1734602787.5576904,20,78,115
1734602787.6140535,0,48,79
1734602787.6777308,80,44,169
1734602787.7368412,154,59,233
1734602787.7976654,767,469,0
1734602787.8562052,0,0,2045
1734602787.9030516,0,4,3680
1734602787.9780304,0,0,3668
1734602788.0351987,794,947,799
1734602788.1440732,438,0,554
1734602788.2190444,186,0,304
1734602788.277451,90,0,219
1734602788.337672,80,0,221
1734602788.3950644,80,32,223
1734602788.4567487,37,81,176
1734602788.517623,59,106,183
1734602788.578374,887,0,909
1734602788.6375742,0,863,48
1734602788.696846,125,182,247
1734602788.7533274,0,351,34
1734602788.8926437,52,130,163
1734602788.9372988,90,117,197
1734602788.9926789,115,111,210
1734602789.040255,0,48,106
1734602789.121294,0,129,58
1734602789.1747074,0,132,39
1734602789.2405581,79,33,189
1734602789.3463998,0,79,3730
1734602789.4161885,1165,912,1120
1734602789.4765885,169,96,286
1734602789.5380914,4,0,143
1734602789.5953295,74,0,197
1734602789.6560252,48,60,171
1734602789.7177463,0,126,115
1734602789.7774057,26,73,143
1734602789.8339863,118,0,208
1734602789.8978713,656,240,675
1734602789.9578116,0,177,128
1734602790.0175173,76,151,219
1734602790.076682,0,273,50
1734602790.1393876,21,222,173
1734602790.1955783,0,105,129
1734602790.2556314,0,39,103
1734602790.3168914,99,85,227
1734602790.376153,0,4,112
1734602790.3781595,54,203,175
1734602790.496123,0,166,21
1734602790.556424,983,863,0
1734602790.6065207,0,0,2798
1734602790.6773899,0,0,3794
1734602790.7378736,175,0,303
1734602790.7919347,168,0,286
1734602790.855852,267,0,362
1734602790.9065216,30,0,175
1734602790.9771192,6,0,144
1734602791.0371692,0,81,124
1734602791.0971088,115,115,219
1734602791.1565733,730,0,735
1734602791.2168198,1041,0,1086
1734602791.277528,399,233,464
1734602791.3380368,0,95,23
1734602791.4608712,7,307,135
1734602791.5176158,48,133,176
1734602791.577545,0,0,147
1734602791.6380064,43,77,235
1734602791.6950245,90,118,255
1734602791.7505484,0,181,87
1734602791.8166552,0,193,48
1734602791.9384906,945,866,0
1734602791.9967153,0,46,3047
1734602792.060264,0,91,178
1734602792.1168654,185,0,368
1734602792.1771052,121,0,307
1734602792.2368245,41,0,205
1734602792.297121,61,0,227
1734602792.35698,63,15,217
1734602792.3579571,38,13,207
1734602792.4799254,23,88,170
1734602792.5968618,379,271,402
1734602792.658225,470,310,511
1734602792.7082107,0,224,33
1734602792.7764938,0,152,7
1734602792.9001513,0,153,114
1734602793.0169344,0,87,117
1734602793.0772195,87,102,193
1734602793.1332147,0,111,64
1734602793.1966517,0,113,80
1734602793.2579737,121,138,158
1734602793.3762822,114,210,2717
1734602793.4387028,0,0,155
1734602793.495897,173,0,295
1734602793.5581622,146,0,272
1734602793.6069565,50,0,235
1734602793.679421,21,0,176
1734602793.7379782,80,0,215
1734602793.7960768,73,2,208
1734602793.7979515,64,68,202
1734602793.9122775,49,107,176
1734602794.0368419,47,0,232
1734602794.0969946,80,317,239
1734602794.1570125,6,346,189
1734602794.2180767,0,65,166
1734602794.2770395,40,173,272
1734602794.3372009,506,0,675
1734602794.3975184,272,0,466
1734602794.4576075,64,86,235
1734602794.5167274,0,59,171
1734602794.5753484,46,81,208
1734602794.5776212,0,85,172
1734602794.6928167,0,112,3777
1734602794.7568822,0,0,3802
1734602794.8170414,54,270,272
1734602794.8769403,258,0,452
1734602794.9936826,120,0,334
1734602795.0568228,34,0,243
1734602795.11756,0,89,175
1734602795.1752212,0,58,137
1734602795.2360287,106,0,285
1734602795.2950253,0,0,176
1734602795.2977915,0,0,160
1734602795.4181893,0,0,76
1734602795.4781961,0,22,128
1734602795.597057,0,128,135
1734602795.6543543,0,82,115
1734602795.7170458,33,68,170
1734602795.7772725,83,112,218
1734602795.900318,0,227,55
1734602795.956914,0,237,133
1734602796.0175889,0,88,1435
1734602796.0774896,546,589,1211
1734602796.1384137,15,35,191
1734602796.1964905,0,0,143
1734602796.256551,94,0,255
1734602796.3143415,80,0,251
1734602796.377691,32,0,208
1734602796.4375942,34,90,181
1734602796.4968898,140,0,272
1734602796.5565991,116,0,240
1734602796.6817706,181,823,269
1734602796.7331169,0,666,153
1734602796.800173,0,192,97
1734602796.9179904,70,263,192
1734602796.9779117,0,189,111
1734602797.0953596,63,179,176
1734602797.1571255,58,110,169
1734602797.157943,62,123,175
1734602797.2775083,0,134,42
1734602797.3379047,27,147,208
1734602797.456851,405,223,721
1734602797.5778284,0,0,146
1734602797.6965113,0,0,146
1734602797.7544105,102,6,234
1734602797.8151188,126,18,246
1734602797.941874,0,0,144
1734602797.9969165,672,0,720
1734602798.0574384,51,0,192
1734602798.1031048,314,206,414
1734602798.1778321,394,494,490
1734602798.2365315,0,113,106
1734602798.2985227,0,225,49
1734602798.3566332,113,218,241
1734602798.4182713,0,109,148
1734602798.4777274,0,46,105
1734602798.5370653,14,43,163
1734602798.5982428,21,80,171
1734602798.7168891,21,154,176
1734602798.7777646,0,51,2320
1734602798.8996148,0,0,153
1734602799.0169885,48,26,179
1734602799.0783355,129,80,245
1734602799.1354651,32,27,168
1734602799.1964502,0,62,107
1734602799.256383,41,95,161
1734602799.314557,0,95,54
1734602799.3767693,560,0,591
1734602799.4347,1318,125,1382
1734602799.4367049,342,0,434
1734602799.4954097,688,151,722
1734602799.5572176,0,115,87
1734602799.6753983,0,272,80
1734602799.7335513,0,0,167
1734602799.797326,0,53,264
1734602799.8575196,58,48,304
1734602799.915592,0,27,266
1734602799.9792929,0,155,121
1734602800.0394323,0,69,182
1734602800.0978174,231,64,449
1734602800.1552105,267,183,477
1734602800.2764518,294,155,501
1734602800.320751,0,0,3760
1734602800.4479845,0,0,258
1734602800.5061722,0,0,237
1734602800.6515603,0,0,119
1734602800.7568786,21,0,204
1734602800.8161626,50,45,227
1734602800.9345207,0,305,145
1734602800.9913855,0,1417,176
1734602801.1197565,0,356,135
1734602801.177938,96,13,240
1734602801.2364814,151,27,278
1734602801.3600368,0,139,65
1734602801.474702,207,3,375
1734602801.5953865,437,81,523
1734602801.6586723,340,43,446
1734602801.7168722,0,0,182
1734602801.8250055,66,8,237
1734602801.892225,72,61,240
1734602802.0099237,117,0,276
1734602802.1305034,0,145,33
1734602802.1920912,263,86,383
1734602802.3192492,0,344,9
1734602802.3776855,45,248,163
1734602802.4293058,0,128,69
1734602802.492845,118,182,215
1734602802.6760635,112,33,147
1734602802.793697,382,80,0
1734602802.9216297,114,3,230
1734602802.978125,301,0,419
1734602803.0935442,16,0,152
1734602803.1543698,0,0,141
1734602803.2752109,31,119,151
1734602803.3368852,10,75,133
1734602803.4516826,0,529,159
1734602803.5108218,0,2207,167
1734602803.578801,57,117,144
1734602803.6921887,0,86,16
1734602803.7560642,0,259,27
1734602803.8120382,0,144,68
1734602803.8776205,0,99,51
1734602803.9373271,50,145,104
1734602804.053086,0,73,34
1734602804.1159253,163,125,209
1734602804.179193,0,37,63
1734602804.2397807,912,506,0
1734602804.3565845,1324,771,0
1734602804.416167,0,0,144
1734602804.5358696,129,0,122
1734602804.5964365,148,69,144
1734602804.8858626,687,0,606
1734602804.9573565,39,844,73
1734602805.0142927,834,342,734
1734602805.0778563,0,167,0
1734602805.1253395,0,274,0
1734602805.1993518,16,346,13
1734602805.256408,0,65,0
1734602805.308154,225,63,145
1734602805.3773124,262,126,186
1734602805.4317787,197,104,129
1734602805.5599813,1,38,1
1734602805.607039,74,64,43
1734602805.6757092,67,67,64
1734602805.7274046,0,0,3774
1734602805.856743,181,80,233
1734602805.9144037,240,0,263
1734602806.0360785,110,50,160
1734602806.2072327,273,0,283
1734602806.2771518,119,0,128
1734602806.3378816,45,83,64
1734602806.4593089,0,179,0
1734602806.5135353,0,222,0
1734602806.5791657,0,154,5
1734602806.6959276,0,228,11
1734602806.81746,0,123,61
1734602806.8848512,43,85,102
1734602807.0650258,0,31,64
1734602807.1178625,28,91,105
1734602807.1771812,11,117,88
1734602807.2425127,0,119,66
1734602807.2970185,0,194,48
1734602807.3474615,0,212,65
1734602807.4137156,0,203,67
1734602807.4770133,30,138,102
1734602807.5295048,16,132,85
1734602807.5973818,48,152,90
1734602807.6568215,66,166,110
1734602807.7060578,0,89,41
1734602807.7791433,60,160,114
1734602807.8347735,141,1,201
1734602808.0162292,0,91,35
1734602808.0740547,94,161,131
1734602808.129481,161,13,199
1734602808.2566984,6,0,78
1734602808.3882203,0,0,16
1734602808.496782,0,60,39
1734602808.5525334,29,63,80
1734602808.619431,0,48,35
1734602808.6815088,0,78,60
1734602808.7949805,0,75,47
1734602808.8426943,0,59,34
1734602808.9753866,0,68,37
1734602809.166027,172,0,357
1734602809.2761948,0,0,111
1734602809.3407116,471,502,0
1734602809.513795,0,0,3792
1734602809.6300993,0,627,3627
1734602809.694292,299,0,419
1734602809.810622,137,7,272
1734602809.92183,41,0,151
1734602810.054534,0,0,101
1734602810.1856182,0,20,48
1734602810.2990043,263,299,315
1734602810.4824646,0,129,0
1734602810.5343347,0,174,0
1734602810.655511,16,166,85
1734602810.777059,64,125,128
1734602810.9025786,0,70,0
1734602810.9528139,0,60,29
1734602811.1956153,0,351,1647
1734602811.3162773,437,117,441
1734602811.3767576,29,136,192
1734602811.490315,306,0,412
1734602811.5544205,246,0,325
1734602811.6752303,0,0,80
1734602811.7965658,0,293,0
1734602811.8496695,0,162,0
1734602811.9060152,0,97,0
1734602811.9792082,205,261,286
1734602812.098556,90,23,72
1734602812.1471734,3100,2530,75
1734602812.2171745,0,0,656
1734602812.2781384,0,0,3758
1734602812.330455,0,0,3663
1734602812.3942168,0,0,3344
1734602812.5195043,359,69,399
1734602812.6306188,137,0,244
1734602812.7656958,43,0,159
1734602812.8113396,724,444,783
1734602812.9299834,55,140,157
1734602813.0470421,271,381,310
1734602813.1153922,0,1619,64
1734602813.2995145,683,819,744
1734602813.4285884,0,121,0
1734602813.4760633,131,102,181
1734602813.5268235,443,115,443
1734602813.706784,9,36,102
1734602813.8272722,0,39,0
1734602813.9111655,16,0,138
1734602813.9534163,253,105,299
1734602814.0166025,193,122,250
1734602814.0785427,0,53,39
1734602814.1363995,0,80,65
1734602814.201105,154,261,207
1734602814.2574246,256,87,286
1734602814.3181045,0,192,0
1734602814.4374642,37,189,116
1734602814.497333,0,179,0
1734602814.6188087,0,0,65
1734602814.6770086,251,86,283
1734602814.7219608,0,95,7
1734602814.797405,46,136,112
1734602814.847675,271,95,298
1734602814.9180045,315,103,327
1734602814.9768584,17,86,81
1734602815.0350766,0,83,0
1734602815.1553328,47,0,100
1734602815.2194874,1103,783,1421
1734602815.220909,102,26,200
1734602815.2763848,335,68,402
1734602815.401697,0,0,64
1734602815.515009,0,0,17
1734602815.584173,0,163,89
1734602815.635725,0,113,85
1734602815.7582538,0,82,124
1734602815.876205,0,77,64
1734602815.9348402,0,76,0
1734602815.997764,391,391,506
1734602816.0003066,0,0,162
1734602816.0569992,135,81,231
1734602816.1793458,10,71,104
1734602816.2380812,281,133,317
1734602816.2968051,362,112,377
1734602816.3424368,286,112,367
1734602816.4067342,418,213,419
1734602816.5464175,0,147,1333
1734602816.5879564,0,0,3739
1734602816.6560478,0,592,3646
1734602816.7174428,0,53,100
1734602816.7200937,127,0,219
1734602816.773558,32,0,162
1734602816.8374019,61,0,151
1734602816.9483821,291,168,329
1734602817.0178463,0,30,46
1734602817.0773427,0,140,0
1734602817.1223533,0,71,0
1734602817.1989267,0,163,93
1734602817.255165,1123,967,981
1734602817.3180807,128,123,224
1734602817.373987,0,0,52
1734602817.4381688,25,213,101
1734602817.5568645,81,208,137
1734602817.6134114,157,173,198
1734602817.7337542,0,307,0
1734602817.798708,58,262,0
1734602817.858374,1986,1722,0
1734602817.917292,0,0,1599
1734602817.977295,0,0,3762
1734602818.0328882,125,88,225
1734602818.1587512,112,0,198
1734602818.2183409,247,74,298
1734602818.2780337,311,146,322
1734602818.3965847,201,0,228
1734602818.4552777,106,97,155
1734602818.5165758,577,0,620
1734602818.57802,355,165,361
1734602818.6263552,407,337,469
1734602818.69563,1001,805,893
1734602818.7606173,0,202,41
1734602818.8107226,107,202,192
1734602818.8755503,251,256,352
1734602818.9314213,0,57,50
1734602818.9970365,0,214,0
1734602819.055905,0,173,47
1734602819.1151466,0,119,617
1734602819.1774974,0,87,3248
1734602819.2935617,0,28,3760
1734602819.353775,0,37,3818
1734602819.4846294,0,0,87
1734602819.5322587,193,82,247
1734602819.5931635,4,109,59
1734602819.7207053,241,0,305
1734602819.7762008,1281,0,1179
1734602819.8841662,0,73,0
1734602819.9485254,192,0,243
1734602820.1367245,80,284,172
1734602820.2554908,0,96,60
1734602820.3779998,414,614,0
1734602820.425749,0,208,1166
1734602820.5550518,0,464,3931
1734602820.6792622,39,0,0
1734602820.7892377,206,81,62
1734602820.8567548,201,278,1
1734602820.9782465,448,0,279
1734602821.0377839,1885,0,1387
1734602821.0882885,0,468,0
1734602821.1570685,800,791,607
1734602821.2174752,190,98,113
1734602821.3357747,0,0,0
1734602821.3911707,106,225,35
1734602821.4564564,638,1328,0
1734602821.5800724,2,161,0
1734602821.6230295,0,185,0
1734602821.7007272,0,155,477
1734602821.7581723,0,132,255
1734602821.8790016,50,18,3088
1734602821.93819,46,44,77
1734602821.9924517,10,0,0
1734602822.0563455,135,0,112
1734602822.116569,234,64,197
1734602822.23416,0,237,0
1734602822.2974908,432,0,344
1734602822.357507,146,76,112
1734602822.477414,551,41,560
1734602822.5337589,128,193,109
1734602822.7104852,129,199,123
1734602822.8372238,208,230,153
1734602822.896984,0,201,0
1734602823.0184877,35,243,0
1734602823.0774624,0,174,1392
1734602823.1319797,0,91,3825
1734602823.1954072,0,692,3655
1734602823.260828,0,88,0
1734602823.3151526,0,0,10
1734602823.3807492,106,0,112
1734602823.4323835,144,35,143
1734602823.4978971,79,33,78
1734602823.5565464,0,112,0
1734602823.604494,0,112,0
1734602823.6788523,112,0,96
1734602823.725614,1823,0,1562
1734602823.8000505,314,27,316
1734602823.8573647,69,33,112
1734602823.9779582,0,0,0
1734602824.0343058,356,325,327
1734602824.1570523,90,16,121
1734602824.216124,0,147,0
1734602824.2194664,0,311,0
1734602824.3290596,0,263,0
1734602824.445229,117,167,96
1734602824.513099,0,0,3814
1734602824.5777624,48,0,82
1734602824.637832,99,62,122
1734602824.6947892,112,48,125
1734602824.8753152,0,18,0
1734602824.933919,0,159,0
1734602824.991235,176,53,165
1734602825.0513587,112,132,127
1734602825.1762068,128,0,152
1734602825.2385962,198,298,198
1734602825.2979174,320,304,294
1734602825.3565226,1,0,34
1734602825.4108162,292,192,270
1734602825.4773388,83,144,97
1734602825.537022,0,218,0
1734602825.6605473,0,112,0
1734602825.7147439,22,112,25
1734602825.7775319,128,269,112
1734602825.836589,112,185,461
1734602825.8973985,199,256,187
1734602825.9487076,111,34,175
1734602826.015712,123,1,136
1734602826.075999,132,16,155
1734602826.1387088,0,0,0
1734602826.1888375,0,0,0
1734602826.2527447,44,169,63
1734602826.311764,201,161,192
1734602826.4359176,1607,0,1374
1734602826.4922652,0,432,0
1734602826.5557823,115,777,104
1734602826.6140895,733,656,619
1734602826.677686,68,16,78
1734602826.7315907,240,133,249
1734602826.797638,0,0,0
1734602826.7990806,0,272,11
1734602826.911798,0,154,5
1734602826.9757059,0,155,0
1734602827.0966163,152,142,143
1734602827.1569955,0,149,1705
1734602827.212988,0,102,3564
1734602827.2780044,0,0,3818
1734602827.3254201,0,49,79
1734602827.3972454,320,0,312
1734602827.4452467,133,0,151
1734602827.51782,0,0,30
1734602827.576034,29,94,52
1734602827.6378734,112,122,118
1734602827.6970954,544,0,464
1734602827.7579021,240,179,226
1734602827.8129003,395,389,400
1734602827.8768501,242,147,271
1734602827.9386425,0,0,0
1734602827.9977179,203,108,224
1734602828.055467,48,179,86
1734602828.1178057,0,224,0
1734602828.1777043,0,67,32
1734602828.2378361,48,231,39
1734602828.293915,274,272,0
1734602828.3492777,3031,2346,45
1734602828.4142845,2587,2053,12
1734602828.475113,2013,1622,0
1734602828.5388784,0,55,3690
1734602828.5975475,0,0,3811
1734602828.6574917,324,308,431
1734602828.7172647,64,0,113
1734602828.7764897,16,0,65
1734602828.838004,176,112,199
1734602828.898377,124,79,144
1734602828.9568756,48,119,85
1734602829.0178993,126,93,149
1734602829.0771391,144,179,155
1734602829.132693,528,0,526
1734602829.1959355,0,784,0
1734602829.2531426,315,431,307
1734602829.3181822,632,511,562
1734602829.3767076,0,84,0
1734602829.430217,0,240,0
1734602829.4966488,23,277,35
1734602829.5561695,51,103,49
1734602829.617405,157,157,112
1734602829.6775823,705,455,0
1734602829.7358,1968,1673,0
1734602829.7972777,0,83,3760
1734602829.8553245,0,0,3751
1734602829.9183273,937,902,868
1734602829.9775896,334,176,334
1734602830.029852,157,0,179
1734602830.0978816,39,0,82
1734602830.150822,0,31,32
1734602830.2069485,33,134,58
1734602830.2775586,70,150,88
1734602830.337578,528,0,464
1734602830.3958883,325,27,292
1734602830.4535396,1114,0,947
1734602830.5153415,179,69,262
1734602830.5753458,941,0,848
1734602830.581371,413,434,406
1734602830.635199,393,297,388
1734602830.6993039,1,351,17
1734602830.8172903,23,128,35
1734602830.87723,208,183,179
1734602830.9376333,230,113,203
1734602830.9954355,30,175,31
1734602831.0573275,0,287,0
1734602831.1072974,208,426,164
1734602831.1818852,0,0,3792
1734602831.2925932,0,43,16
1734602831.355575,1162,0,1191
1734602831.4170897,337,130,317
1734602831.4754012,453,0,423
1734602831.538254,256,95,243
1734602831.657682,69,0,81
1734602831.70989,479,60,464
1734602831.7771811,891,803,811
1734602831.8360105,1092,1072,944
1734602831.9549634,0,0,0
1734602832.0149126,0,79,0
1734602832.07995,80,246,105
1734602832.138645,247,258,225
1734602832.1919577,158,173,151
1734602832.2581468,50,109,5
1734602832.3148718,45,126,0
1734602832.3816195,0,194,638
1734602832.4298472,63,315,3149
1734602832.4980893,0,28,3952
1734602832.557349,18,95,67
1734602832.6164181,18,86,39
1734602832.6746922,61,85,77
1734602832.7374065,69,49,85
1734602832.8579845,112,190,101
1734602832.9174883,86,85,82
1734602832.976811,65,48,78
1734602833.034958,1236,0,1079
1734602833.0912492,26,181,78
1734602833.15145,0,265,0
1734602833.2174735,188,249,195
1734602833.2777781,44,80,63
1734602833.3373415,80,190,102
1734602833.3974686,208,233,181
1734602833.457644,81,64,84
1734602833.5171049,0,65,0
1734602833.5774202,0,151,0
1734602833.637574,20,246,29
1734602833.7571685,0,132,3808
1734602833.8149939,107,0,167
1734602833.8759758,170,91,173
1734602833.9268806,42,0,53
1734602833.99788,176,64,165
1734602834.0581932,155,36,147
1734602834.1785414,0,130,0
1734602834.2936318,146,0,158
1734602834.3536694,527,0,458
1734602834.4154925,386,0,343
1734602834.490166,78,234,113
1734602834.532775,0,0,18
1734602834.6003344,479,499,430
1734602834.7173872,274,0,251
1734602834.7744718,0,107,0
1734602834.8403983,129,140,0
1734602834.8973012,2477,2101,17
1734602834.957525,0,351,2064
1734602835.0138454,0,112,3858
1734602835.078183,0,670,3757
1734602835.0787601,0,0,3834
1734602835.1364906,20,45,86
1734602835.2532213,221,79,217
1734602835.3759377,128,77,133
1734602835.4241347,0,217,0
1734602835.4954238,582,0,498
1734602835.5579264,174,124,173
1734602835.608958,2614,0,2263
1734602835.6795585,1037,500,892
1734602835.7931237,0,18,0
1734602835.8546786,0,0,0
1734602835.919643,15,48,39
1734602835.9758265,87,103,72
1734602836.0372374,43,213,59
1734602836.0887256,0,213,0
1734602836.148974,0,208,11
1734602836.2188776,121,274,110
1734602836.2786524,237,433,91
1734602836.3348184,0,206,3878
1734602836.457182,123,89,208
1734602836.5141938,244,64,240
1734602836.5832613,305,0,282
1734602836.637418,394,73,372
1734602836.7520387,0,0,0
1734602836.8135424,128,0,135
1734602836.8720236,272,0,291
1734602836.9406545,2797,256,2541
1734602836.9922001,25,194,83
1734602837.0583196,400,631,450
1734602837.1162095,0,239,67
1734602837.1775985,0,0,0
1734602837.2333698,331,305,338
1734602837.297619,88,29,117
1734602837.353265,112,103,135
1734602837.417203,0,193,0
1734602837.4773278,27,138,61
1734602837.5361052,70,146,86
1734602837.6610415,0,784,2559
1734602837.7169447,0,236,3783
1734602837.777226,914,817,842
1734602837.8379433,163,107,193
1734602837.8831842,48,0,65
1734602837.9580536,176,66,178
1734602838.0817509,175,54,183
1734602838.137279,0,16,21
1734602838.1946585,95,90,114
1734602838.268123,1093,135,1072
1734602838.315393,1552,158,1593
1734602838.380464,0,285,10
1734602838.4332004,0,5,0
1734602838.499714,106,238,117
1734602838.5570564,31,28,58
1734602838.6775157,33,64,82
1734602838.797586,0,159,10
1734602838.8523324,395,510,0
1734602838.9171813,0,262,412
1734602838.9772117,178,337,1392
1734602839.0367544,0,131,3806
1734602839.0932388,0,674,3696
1734602839.1545618,87,0,118
1734602839.2190356,142,0,165
1734602839.2765412,209,70,222
1734602839.3231003,176,16,185
1734602839.3957148,109,6,154
1734602839.4435534,64,65,98
1734602839.517255,421,0,448
1734602839.5758007,2416,0,2093
1734602839.6946583,0,145,0
1734602839.7603564,3,0,91
1734602839.8178892,14,0,94
1734602839.8787322,16,17,75
1734602839.9304278,32,128,4
1734602839.9961753,65,151,4
1734602840.0592737,126,0,126
1734602840.1755178,86,96,98
1734602840.23718,52,272,75
1734602840.2890835,34,278,60
1734602840.3589506,0,276,1
1734602840.415527,0,225,16
1734602840.4765003,25,119,14
1734602840.539166,81,0,0
1734602840.5438452,128,0,2
1734602840.5951068,122,0,0
1734602840.774819,147,175,6
1734602840.8436234,131,170,0
1734602840.8992238,69,106,193
1734602840.9590347,0,314,0
1734602841.0172079,96,0,163
1734602841.075662,50,0,128
1734602841.137218,53,0,112
1734602841.254012,117,79,145
1734602841.3178482,194,0,201
1734602841.378199,259,0,248
1734602841.4260287,213,0,215
1734602841.4980102,416,0,361
1734602841.557872,59,115,11
1734602841.6175811,166,325,0
1734602841.6770043,336,329,0
1734602841.7337906,271,288,0
1734602841.7959511,332,334,0
1734602841.8567836,251,291,0
1734602841.9090548,341,382,0
1734602841.974202,334,368,0
1734602842.0362003,268,307,0
1734602842.1549637,219,278,0
1734602842.293275,0,640,3536
1734602842.3373609,0,148,3822
1734602842.3973684,0,163,3866
1734602842.45724,0,415,38
1734602842.51882,101,179,141
1734602842.5762565,0,73,32
1734602842.6370747,217,223,229
1734602842.6922646,55,80,83
1734602842.757609,98,89,117
1734602842.8166347,130,144,144
1734602842.938591,9,0,49
1734602842.9970784,208,0,183
1734602843.057138,787,0,732
1734602843.18014,0,48,0
1734602843.238187,563,567,493
1734602843.297197,0,141,21
1734602843.3576128,0,147,17
1734602843.4166176,266,295,254
1734602843.4772902,0,57,38
1734602843.537969,115,149,123
1734602843.5979095,123,147,129
1734602843.7171588,64,106,39
1734602843.7745638,0,172,0
1734602843.904316,0,626,3658
1734602843.9583542,0,187,78
1734602844.0011437,0,0,144
1734602844.0810137,226,0,262
1734602844.196266,109,0,175
1734602844.3229907,0,0,21
1734602844.3771544,160,85,176
1734602844.434627,134,113,158
1734602844.5554433,603,0,634
1734602844.5564954,658,0,594
1734602844.6178782,90,162,128
1734602844.7380247,355,385,326
1734602844.8571322,121,126,134
1734602844.9173305,217,163,219
1734602844.977254,80,75,112
1734602845.0381224,0,90,18
1734602845.096048,64,155,82
1734602845.1573226,0,110,36
1734602845.215855,0,155,34
1734602845.398699,302,374,278
1734602845.4578285,0,82,66
1734602845.517419,144,87,167
1734602845.575695,123,129,148
1734602845.6363041,0,32,46
1734602845.6978528,51,0,87
1734602845.7472513,112,0,139
1734602845.8167033,80,53,102
1734602845.8738039,80,55,106
1734602845.997111,107,50,130
1734602846.0570455,639,0,575
1734602846.1182256,496,0,385
1734602846.1772892,117,0,91
1734602846.2331998,77,0,57
1734602846.296043,144,193,146
1734602846.3562465,0,0,17
1734602846.4174447,0,78,12
1734602846.5319102,129,80,122
1734602846.6573856,80,138,80
1734602846.717092,0,156,14
1734602846.777425,0,201,0
1734602846.8306427,0,266,0
1734602846.8984094,0,272,15
1734602846.9578755,81,194,95
1734602847.0111325,115,103,125
1734602847.1313987,106,107,116
1734602847.2040315,0,0,16
1734602847.3210971,140,106,156
1734602847.435671,48,52,82
1734602847.5039701,0,0,4
1734602847.5572634,16,21,51
1734602847.6167173,19,64,47
1734602847.6738784,3,55,38
1734602847.73994,207,0,225
1734602847.7975419,253,105,244
1734602847.8579218,0,52,0
1734602847.9151099,277,129,272
1734602847.9811532,32,84,79
1734602848.0352263,8,80,54
1734602848.097931,203,162,214
1734602848.1457381,188,50,183
1734602848.216624,291,77,275
1734602848.2779653,121,180,131
1734602848.3349245,64,195,84
1734602848.3970752,164,167,178
1734602848.4564486,0,0,2713
1734602848.5176492,0,103,3776
1734602848.575699,0,106,3791
1734602848.6360204,0,54,3798
1734602848.6843166,0,71,42
1734602848.8112714,0,0,30
1734602848.9397783,0,0,34
1734602848.9979892,10,67,64
1734602849.0508728,54,142,94
1734602849.1181715,150,0,174
1734602849.1774569,112,33,138
1734602849.2382226,1328,0,1185
1734602849.298101,0,267,31
1734602849.3572862,604,526,537
1734602849.4110587,0,69,0
1734602849.477418,0,0,74
1734602849.5336957,0,0,6
1734602849.5942068,51,0,128
1734602849.6544414,157,16,212
1734602849.7206936,97,232,177
1734602849.722076,0,91,0
1734602849.837101,138,218,166
1734602849.898305,1135,970,0
1734602850.012645,0,26,3765
1734602850.0776763,0,26,3777
1734602850.1379104,0,0,3843
1734602850.1976173,85,0,144
1734602850.2579007,29,0,80
1734602850.3781438,128,70,165
1734602850.494575,0,0,17
1734602850.5588336,317,0,306
1734602850.6107807,210,0,222
1734602850.7343037,0,1301,29
1734602850.7980237,767,611,673
1734602850.915781,480,239,461
1734602851.038101,0,66,0
1734602851.0881712,147,204,164
1734602851.154887,23,33,89
1734602851.2151394,14,160,43
1734602851.2826967,0,93,26
1734602851.3373024,0,144,0
1734602851.396258,6,183,0
1734602851.457322,0,117,3810
1734602851.5003042,0,175,3811
1734602851.5798738,0,0,3872
1734602851.6280951,288,0,304
1734602851.6974697,213,0,237
1734602851.7533436,146,0,213
1734602851.8189,32,0,80
1734602851.8753633,78,0,114
1734602851.9381897,163,16,180
1734602851.99712,83,59,112
1734602852.0527968,445,0,416
1734602852.1176677,1583,0,1485
1734602852.175617,400,182,368
1734602852.2308373,0,210,0
1734602852.2953358,0,121,0
1734602852.3575275,0,341,0
1734602852.4158056,0,49,0
1734602852.4772103,0,144,0
1734602852.533423,129,155,117
1734602852.5982583,120,122,121
1734602852.6488607,0,169,16
1734602852.7132819,0,105,0
1734602852.7803166,0,561,3517
1734602852.8373365,0,48,3824
1734602852.8927946,0,0,3845
1734602852.9578862,0,16,97
1734602853.0180707,30,102,64
1734602853.0776422,0,62,1
1734602853.1370852,43,58,79
1734602853.1968699,0,23,38
1734602853.3112588,0,13,0
1734602853.3789172,144,0,159
1734602853.4345505,112,0,148
1734602853.499561,273,355,331
1734602853.5572646,339,182,313
1734602853.6172307,0,273,0
1734602853.6604447,0,230,16
1734602853.740195,0,190,14
1734602853.7950041,142,255,158
1734602853.8504019,0,158,0
1734602853.917127,32,279,11
1734602853.9821594,173,97,160
1734602854.0325236,32,91,51
1734602854.0972812,844,649,0
1734602854.155408,921,871,0
1734602854.2149837,0,20,2850
1734602854.2761343,0,0,3809
1734602854.3375802,0,0,3930
1734602854.3954897,98,0,154
1734602854.4563131,0,0,56
1734602854.5154624,101,0,145
1734602854.5775378,128,16,161
1734602854.6384332,45,16,85
1734602854.698253,0,105,36
1734602854.7576568,112,67,130
1734602854.8092327,797,0,720
1734602854.8778946,551,0,506
1734602854.93845,313,448,309
1734602854.99901,0,368,0
1734602855.0552115,0,380,0
1734602855.1171784,0,112,0
1734602855.177978,52,0,81
1734602855.237131,213,127,209
1734602855.2981777,56,64,75
1734602855.3557324,61,98,82
1734602855.419798,63,94,87
1734602855.4727817,0,16,29
1734602855.5372434,60,5,118
1734602855.5979025,0,0,3727
1734602855.657869,0,38,3821
1734602855.7172525,64,0,198
1734602855.777057,0,23,91
1734602855.7780077,0,0,48
1734602855.894987,13,22,64
1734602855.95699,98,80,149
1734602856.0172985,108,108,145
1734602856.0779893,49,32,84
1734602856.1372292,0,173,16
1734602856.2579427,0,394,0
1734602856.3824484,0,84,0
1734602856.4400225,1196,1451,1007
1734602856.4970572,981,880,1062
1734602856.5567174,0,29,0
1734602856.6185164,75,64,91
1734602856.6773653,32,0,64
1734602856.7369065,379,223,342
1734602856.7949386,208,117,240
1734602856.856586,0,37,80
1734602856.9158924,0,0,3791
1734602856.9770677,0,5,3803
1734602857.0391839,99,2,240
1734602857.0919406,0,91,87
1734602857.1598947,0,0,37
1734602857.2031834,0,0,21
1734602857.2739258,107,0,143
1734602857.3978696,147,99,150
1734602857.4565175,220,173,211
1734602857.5147665,132,102,165
1734602857.5775807,1203,0,1071
1734602857.6351478,1,358,38
1734602857.6922617,0,454,0
1734602857.824395,0,4,0
1734602857.8775008,0,289,0
1734602857.9373174,0,41,0
1734602857.9961042,0,0,0
1734602858.058096,35,35,60
1734602858.1176205,1951,1408,0
1734602858.1768398,297,354,0
1734602858.2380857,0,64,3719
1734602858.2979448,0,0,3817
1734602858.3577938,395,306,446
1734602858.4183178,178,186,207
1734602858.4777327,51,61,86
1734602858.5340462,123,106,144
1734602858.599939,36,93,48
1734602858.6573465,0,97,0
1734602858.7178729,23,0,41
1734602858.7776225,336,0,304
1734602858.8361082,1151,0,981
1734602858.8956056,1311,107,1249
1734602858.9565747,0,1533,19
1734602858.9603088,309,201,299
1734602859.077483,182,44,188
1734602859.1378279,464,470,416
1734602859.1953425,371,461,341
1734602859.2592177,0,144,0
1734602859.3152683,41,72,0
1734602859.3738034,186,155,0
1734602859.4382098,2021,1824,0
1734602859.4974587,1744,1582,0
1734602859.5580404,0,0,3755
1734602859.6163917,0,33,3827
1734602859.6764507,0,114,135
1734602859.7301984,151,161,169
1734602859.7966313,0,26,10
1734602859.849722,0,39,16
1734602859.9160519,70,106,96
1734602859.9798465,7,66,33
1734602860.037632,87,0,99
1734602860.1517043,867,0,785
1734602860.2161195,688,0,784
1734602860.2799695,293,224,279
1734602860.3355277,499,423,450
1734602860.3973043,0,0,0
1734602860.4500453,405,643,353
1734602860.5160427,17,415,0
1734602860.5769572,3249,2671,94
1734602860.5776942,3098,2548,75
1734602860.6972027,2722,2128,17
1734602860.818421,0,157,2208
1734602860.874791,0,646,3551
1734602860.9398267,0,359,3742
1734602860.9946961,0,651,3657
1734602861.058877,361,0,483
1734602861.1147096,208,0,282
1734602861.1778383,32,0,162
1734602861.2377691,184,77,266
1734602861.2900677,51,140,130
1734602861.3502584,0,103,44
1734602861.4199548,675,0,681
1734602861.4756525,1114,0,1105
1734602861.5376298,260,432,288
1734602861.5977366,0,194,68
1734602861.6562157,258,140,304
1734602861.711948,485,303,486
1734602861.7755663,106,182,177
1734602861.8364708,154,304,195
1734602861.8959548,139,293,62
1734602861.9568815,315,367,0
1734602862.0033166,2433,1966,0
1734602862.0776596,1584,1308,0
1734602862.135939,0,16,3764
1734602862.2580364,0,0,3882
1734602862.3712876,265,0,346
1734602862.557613,192,141,242
1734602862.61239,38,118,107
1734602862.6771302,145,0,197
1734602862.7332296,111,0,207
1734602862.795338,605,0,631
1734602862.857928,0,533,11
1734602862.9049485,234,488,267
1734602863.0341766,0,125,0
1734602863.1034358,0,148,0
1734602863.1550777,248,400,267
1734602863.218075,0,64,63
1734602863.275327,95,247,173
1734602863.3365078,0,66,102
1734602863.398092,0,108,49
1734602863.4552944,130,293,0
1734602863.5167983,0,125,2609
1734602863.5770578,0,48,3760
1734602863.6359377,0,0,3823
1734602863.6979375,0,0,165
1734602863.8164904,87,0,165
1734602863.8762581,128,43,199
1734602863.938094,164,55,222
1734602863.9902246,101,82,170
1734602864.0560687,432,0,451
1734602864.1061432,490,0,560
1734602864.1772711,0,763,4
1734602864.287749,0,5,0
1734602864.3552506,165,0,211
1734602864.4156957,0,0,5
1734602864.4775538,246,396,326
1734602864.599039,2243,1886,0
1734602864.651914,2054,1765,0
1734602864.7080276,2451,2031,13
1734602864.7713642,2495,2073,14
1734602864.8352165,0,0,0
1734602864.8955429,0,480,3570
1734602864.9499276,0,390,3493
1734602865.0154014,0,0,97
1734602865.0766678,174,0,267
1734602865.1378214,39,0,128
1734602865.1980782,0,55,73
1734602865.2564642,23,187,83
1734602865.3178368,671,0,636
1734602865.3768795,690,0,635
1734602865.437202,205,0,321
1734602865.4904923,224,324,241
1734602865.5540738,16,341,171
1734602865.6047754,511,372,647
1734602865.7380939,0,122,144
1734602865.7957795,110,356,207
1734602865.8574455,0,293,47
1734602865.9165547,0,155,80
1734602865.9778059,1,110,0
1734602866.0368915,2196,1870,0
1734602866.0978837,0,160,585
1734602866.1489434,0,62,3822
1734602866.2172673,0,0,3869
1734602866.273345,208,0,306
1734602866.3900933,112,0,193
1734602866.4657528,2,32,97
1734602866.5125682,0,117,10
1734602866.572257,0,55,16
1734602866.636751,137,0,224
1734602866.7499137,349,0,461
1734602866.942816,108,217,258
1734602866.9916515,0,0,112
1734602867.054616,0,0,121
1734602867.1761088,55,352,154
1734602867.2377045,130,289,212
1734602867.2982595,0,83,1
1734602867.3511689,0,23,6
1734602867.4115362,0,223,163
1734602867.4775958,0,0,3792
1734602867.5373404,205,287,365
1734602867.593691,186,10,301
1734602867.6543987,0,0,141
1734602867.718938,10,0,151
1734602867.778122,5,98,106
1734602867.89797,271,0,325
1734602867.9574423,240,0,307
1734602868.0133507,832,0,785
1734602868.0788798,78,2262,234
1734602868.1372283,0,128,26
1734602868.1924658,713,813,678
1734602868.2565255,45,97,113
1734602868.3154411,233,149,315
1734602868.378235,348,411,385
1734602868.4351156,286,393,331
1734602868.4999073,50,162,144
1734602868.55403,0,80,69
1734602868.6195543,1250,861,0
1734602868.6770077,0,0,903
1734602868.7374353,218,80,1899
1734602868.79574,0,494,2802
1734602868.8598084,0,0,168
1734602868.9161105,67,0,188
1734602868.978276,145,4,240
1734602869.0292306,35,2,133
1734602869.0941386,0,0,44
1734602869.2097142,0,123,64
1734602869.3411896,0,1460,80
1734602869.3943558,167,170,275
1734602869.4564486,203,8,297
1734602869.5147886,0,221,102
1734602869.5756218,61,263,107
1734602869.629972,145,96,225
1734602869.758191,0,451,0
1734602869.8775077,33,0,164
1734602869.9370925,374,1,407
1734602869.9953516,560,0,563
1734602870.0574343,443,0,485
1734602870.1062572,386,0,480
1734602870.1704,0,0,162
1734602870.2396915,29,0,144
1734602870.2972305,204,63,287
1734602870.4121187,0,0,59
1734602870.4781156,0,82,0
1734602870.5375817,0,106,71
1734602870.6488476,497,0,482
1734602870.7142959,1264,83,1261
1734602870.8380983,0,192,80
1734602870.8957827,84,314,139
1734602871.0773103,96,161,143
1734602871.1380444,0,104,64
1734602871.1960294,41,156,98
1734602871.3153675,0,182,40
1734602871.3814294,0,0,89
1734602871.4936264,19,0,3486
1734602871.5579522,400,9,491
1734602871.6169055,196,38,352
1734602871.7344599,0,0,113
1734602871.8586621,76,22,166
1734602871.9129415,0,0,111
1734602872.0461075,0,44,15
1734602872.0939775,0,117,23
1734602872.152292,0,114,0
1734602872.2158732,0,134,43
1734602872.3345628,7,159,80
1734602872.4001367,0,298,23
1734602872.5093186,319,27,380
1734602872.691624,0,326,14
1734602872.7574823,12,117,112
1734602872.818337,16,0,112
1734602872.8765218,29,0,129
1734602872.9371922,240,0,279
1734602872.998401,16,0,578
1734602873.0579093,0,0,3779
1734602873.1164978,368,112,405
1734602873.1777437,400,0,525
1734602873.2372293,395,0,471
1734602873.2958996,80,0,197
1734602873.4174588,16,60,123
1734602873.5360434,0,0,76
1734602873.5380461,446,0,475
1734602873.6564329,100,106,171
1734602873.717411,0,144,0
1734602873.7774634,0,221,71
1734602873.8976305,162,47,269
1734602874.01593,12,166,272
1734602874.0774395,0,208,170
1734602874.1379123,0,78,230
1734602874.2483885,0,87,185
1734602874.3212502,70,0,363
1734602874.437195,113,0,320
1734602874.4939423,150,10,409
1734602874.5555542,80,15,316
1734602874.6770256,0,0,222
1734602874.7451842,0,73,101
1734602874.8571033,176,0,327
1734602874.9165366,41,0,209
1734602875.0377266,0,67,129
1734602875.0955737,446,119,535
1734602875.1566138,0,0,38
1734602875.1603296,0,304,143
1734602875.2780821,71,4,199
1734602875.3975923,91,107,201
1734602875.4569516,0,189,48
1734602875.5140011,0,250,31
1734602875.580437,0,106,62
1734602875.637747,132,0,221
1734602875.697983,328,0,366
1734602875.8137686,0,0,3778
1734602875.8763916,349,64,420
1734602875.9917922,116,1,242
1734602876.0587173,0,0,79
1734602876.1792083,0,0,92
1734602876.289338,0,9,77
1734602876.3613837,0,0,113
1734602876.411665,299,0,402
1734602876.7162685,205,170,268
1734602876.7779598,99,201,165
1734602876.9561665,0,192,65
1734602877.0158908,0,193,71
1734602877.0757728,17,199,101
1734602877.1334677,68,0,166
1734602877.1997411,238,0,305
1734602877.3079689,123,0,223
1734602877.3779979,192,0,283
1734602877.4352205,68,0,227
1734602877.4993227,148,0,239
1734602877.5475702,58,0,160
1734602877.6167912,40,7,156
1734602877.6767862,102,0,210
1734602877.7374482,126,0,259
1734602877.7975729,83,0,208
1734602877.8569908,0,0,114
1734602877.91719,71,0,200
1734602878.03052,0,0,128
1734602878.0952773,91,0,214
1734602878.2230058,0,0,93
1734602878.2766774,48,20,157
1734602878.3348258,16,14,135
1734602878.4656384,208,0,334
1734602878.501034,7,0,119
1734602878.5805538,16,192,111
1734602878.6945057,0,112,75
1734602878.806036,0,201,77
1734602878.8769882,81,97,153
1734602878.9378326,240,77,287
1734602878.9939868,292,80,336
1734602879.1204953,0,38,16
1734602879.1786957,158,112,210
1734602879.2950325,16,32,117
1734602879.355955,273,154,320
1734602879.4755247,0,0,64
1734602879.7165806,0,0,31
1734602879.83633,0,0,16
1734602879.8955812,0,0,48
1734602879.9548433,487,269,575
1734602880.3147924,206,0,291
1734602880.378567,64,0,199
1734602880.436539,301,0,447
1734602880.5542655,264,0,390
1734602880.660222,0,103,25
1734602880.7246132,0,64,27
1734602880.7955568,52,48,158
1734602880.8606272,0,566,3690
1734602880.9765625,0,602,3627
1734602881.04449,195,0,320
1734602881.097413,4,66,35
1734602881.157074,1019,539,995
1734602881.2165668,264,0,339
1734602881.2741463,0,0,85
1734602881.3893683,0,15,126
1734602881.460073,536,179,525
1734602881.5177217,0,2033,144
1734602881.575685,0,67,0
1734602881.639791,197,492,273
1734602881.7578132,48,336,135
1734602881.8155475,268,411,313
1734602881.9299557,454,534,469
1734602881.998434,176,137,234
1734602882.044597,19,46,126
1734602882.184786,0,41,109
1734602882.2340019,96,0,208
1734602882.2967327,0,0,907
1734602882.3578622,0,0,3842
1734602882.4224722,59,0,206
1734602882.53651,179,0,256
1734602882.541083,66,0,129
1734602882.6539583,0,51,0
1734602882.841015,136,0,54
1734602882.960817,0,1197,0
1734602883.0180497,252,688,143
1734602883.1355035,0,368,0
1734602883.1957817,117,406,57
1734602883.3163974,148,182,82
1734602883.4226575,0,121,0
1734602883.4943209,0,185,0
1734602883.5550916,0,129,0
1734602883.6743076,48,166,2
1734602883.7350614,30,106,0
1734602883.7959104,135,63,83
1734602883.8093357,10,0,158
1734602883.9202843,339,0,320
1734602883.9789326,417,170,389
1734602884.031486,112,16,112
1734602884.2783666,528,0,453
1734602884.3935444,0,850,0
1734602884.4579337,0,97,0
1734602884.5798492,130,179,128
1734602884.6363175,403,33,331
1734602884.6983998,210,36,176
1734602884.742509,0,135,0
1734602884.815403,24,131,15
1734602884.8766086,115,163,100
1734602884.9367325,218,74,178
1734602884.9928217,319,112,256
1734602885.0597894,0,9,0
1734602885.1736517,0,0,443
1734602885.2403955,272,0,371
1734602885.3600867,465,79,426
1734602885.4805744,0,0,0
1734602885.536385,0,131,12
1734602885.5941324,139,23,144
1734602885.6580117,115,48,127
1734602885.7166896,221,0,208
1734602885.775122,966,15,918
1734602885.8360841,0,3162,233
1734602885.899853,0,369,0
1734602885.9535642,0,320,0
1734602886.0111601,0,320,0
1734602886.0758889,47,367,78
1734602886.1365464,56,333,75
1734602886.2066717,0,0,6
1734602886.3162885,143,64,131
1734602886.377062,347,64,303
1734602886.4996493,0,36,0
1734602886.6201127,0,478,3536
1734602886.7415977,547,0,690
1734602886.8605416,229,0,272
1734602886.9180467,265,73,284
1734602886.9799306,7,37,53
1734602887.03818,0,0,16
1734602887.1595495,109,189,130
1734602887.2163398,621,0,554
1734602887.2783525,0,974,0
1734602887.3316467,0,609,0
1734602887.3920746,614,774,471
1734602887.4613838,27,214,0
1734602887.5143106,144,323,47
1734602887.576746,165,250,69
1734602887.585029,138,49,79
1734602887.6975322,116,201,44
1734602887.8151782,181,111,101
1734602887.8792732,1295,818,0
1734602887.9354045,0,81,976
1734602887.9961057,0,0,3771
1734602888.115656,138,0,111
1734602888.1777925,240,17,181
1734602888.2359354,246,172,190
1734602888.2911813,63,132,32
1734602888.3554933,0,221,0
1734602888.4162776,403,0,314
1734602888.4790497,141,277,106
1734602888.5321164,533,478,491
1734602888.5979397,0,15,0
1734602888.6515963,97,0,94
1734602888.7767477,0,256,0
1734602888.8286378,81,89,48
1734602888.898473,415,246,327
1734602888.9535706,174,54,129
1734602889.0180464,80,59,51
1734602889.0772922,18,159,1
1734602889.1356437,55,99,30
1734602889.2589436,976,570,0
1734602889.3058963,0,0,1717
1734602889.379043,1255,752,1089
1734602889.4371078,0,83,80
1734602889.5007615,141,0,158
1734602889.602491,20,0,80
1734602889.674981,144,0,163
1734602889.8069324,0,10,0
1734602889.853889,61,133,54
1734602889.979067,994,0,838
1734602890.0360494,0,1117,1
1734602890.0971723,249,387,385
1734602890.154422,0,274,64
1734602890.2175753,0,310,7
1734602890.3364172,374,209,347
1734602890.4538186,142,182,144
1734602890.516202,0,84,2
1734602890.5770516,0,101,78
1734602890.6349573,67,149,114
1734602890.696638,144,70,162
1734602890.8774247,401,0,426
1734602890.9276934,336,0,331
1734602890.9934812,192,0,237
1734602891.1786737,0,21,3
1734602891.2307556,0,29,0
1734602891.300746,53,31,90
1734602891.4154103,327,0,431
1734602891.4812276,0,245,0
1734602891.53807,239,453,215
1734602891.6562474,294,354,295
1734602891.7818463,57,91,27
1734602891.836678,101,172,73
1734602891.8894436,0,163,0
1734602892.0220807,0,208,375
1734602892.0783877,0,0,3795
1734602892.1366792,0,0,3869
1734602892.1986911,7,1,64
1734602892.317144,134,0,142
1734602892.3773842,189,96,197
1734602892.4363117,113,31,112
1734602892.4980083,20,78,27
1734602892.5572283,82,11,77
1734602892.616451,155,64,137
1734602892.678198,661,0,613
1734602892.7254612,0,889,0
1734602892.7977824,1472,1165,1235
1734602892.8572028,0,130,0
1734602892.8579879,0,187,0
1734602892.9770327,176,302,278
1734602893.0971434,220,208,349
1734602893.1559985,25,55,190
1734602893.2767897,0,161,92
1734602893.3940074,0,154,86
1734602893.4554431,0,139,96
1734602893.5140452,0,144,117
1734602893.5174184,0,154,155
1734602893.6398742,59,0,176
1734602893.6974208,165,0,265
1734602893.743237,160,0,258
1734602893.820298,145,0,229
1734602893.9414568,106,0,187
1734602893.99752,167,0,235
1734602894.0569277,0,469,23
1734602894.1184223,428,0,464
1734602894.235349,21,464,71
1734602894.2882698,0,106,0
1734602894.3567927,176,292,194
1734602894.4173074,21,60,141
1734602894.5364504,90,64,147
1734602894.5986772,0,141,22
1734602894.6561542,0,189,3019
1734602894.71918,0,55,3691
1734602894.7731428,0,0,3856
1734602894.8384671,0,17,54
1734602894.894519,0,0,64
1734602894.960517,97,30,160
1734602895.0794594,17,19,86
1734602895.13718,34,160,79
1734602895.2568262,1982,0,1760
1734602895.377589,827,483,847
1734602895.4309657,0,240,16
1734602895.4984553,0,273,144
1734602895.555046,0,43,33
1734602895.6179445,387,315,420
1734602895.675319,224,157,270
1734602895.7402365,129,119,188
1734602895.8564763,0,261,54
1734602895.9166286,0,210,3797
1734602895.9777217,1221,1034,1132
1734602896.0351982,229,253,352
1734602896.0981333,0,0,16
1734602896.1580274,61,0,159
1734602896.2180471,138,0,219
1734602896.2767324,145,64,208
1734602896.3338435,166,146,206
1734602896.401462,113,173,167
1734602896.4465866,0,69,17
1734602896.5068822,1789,0,1629
1734602896.5767784,0,79,0
1734602896.6345553,432,315,415
1734602896.6980302,1035,740,914
1734602896.7551925,0,183,0
1734602896.804928,0,274,0
1734602896.8770916,176,212,208
1734602896.9357953,66,118,103
1734602896.9981368,101,87,144
1734602897.0571482,112,113,147
1734602897.1098747,0,193,9
1734602897.1807988,62,246,102
1734602897.2366202,1273,912,1135
1734602897.293725,232,304,286
1734602897.3560748,59,0,128
1734602897.415182,66,0,141
1734602897.4790044,11,0,94
1734602897.5374207,103,46,154
1734602897.6596346,700,0,656
1734602897.71686,174,133,219
1734602897.7747707,594,0,657
1734602897.8303208,0,114,0
1734602897.9583676,650,423,586
1734602898.017239,0,27,0
1734602898.0751624,211,529,217
1734602898.1360674,0,64,0
1734602898.1972544,266,338,269
1734602898.2568104,82,111,119
1734602898.3785305,0,225,0
1734602898.438008,0,129,3878
1734602898.4955125,0,11,3917
1734602898.5562723,302,0,495
1734602898.6195083,16,0,80
1734602898.6762996,0,0,32
1734602898.7940462,0,0,48
1734602898.9173746,670,0,631
1734602898.9769943,385,0,407
1734602899.0360155,2772,0,2548
1734602899.144996,97,102,129
1734602899.2085726,759,527,685
1734602899.2770042,0,0,0
1734602899.3374152,170,417,186
1734602899.4424767,35,173,74
1734602899.5173478,112,179,129
1734602899.577732,31,135,70
1734602899.6348886,0,135,284
1734602899.6962247,0,149,3833
1734602899.7549462,0,0,3840
1734602899.804019,0,103,17
1734602899.8754473,226,0,241
1734602899.9368086,189,0,187
1734602899.9375355,125,0,123
1734602900.056054,90,7,114
1734602900.117279,48,68,73
1734602900.1775787,550,0,496
1734602900.2379122,1980,0,1738
1734602900.295941,0,197,0
1734602900.3572094,323,371,334
1734602900.4085846,209,463,204
1734602900.4801502,190,97,206
1734602900.5370896,464,257,427
1734602900.5970957,0,66,3
1734602900.6583407,0,132,0
1734602900.7178514,84,185,95
1734602900.7782087,36,129,51
1734602900.8981762,0,101,1467
1734602900.9575386,0,0,3804
1734602901.014967,963,841,901
1734602901.085866,234,155,270
1734602901.1362803,21,62,84
1734602901.1986792,86,26,128
1734602901.2581747,7,0,47
1734602901.3771055,0,201,0
1734602901.4360406,0,166,16
1734602901.4964724,0,444,16
1734602901.5579379,994,476,845
1734602901.6182966,0,0,0
1734602901.6778803,0,0,0
1734602901.7370744,294,277,307
1734602901.794215,29,39,64
1734602901.8582802,159,85,152
1734602901.9170232,62,189,66
1734602901.9748242,0,214,1376
1734602902.0371423,16,270,2
1734602902.0962985,0,146,3246
1734602902.2150116,688,336,714
1734602902.2745774,241,96,277
1734602902.3301752,0,6,0
1734602902.39882,126,23,159
1734602902.457872,138,67,167
1734602902.5183556,62,103,80
1734602902.5749605,0,74,7
1734602902.6403995,0,0,23
1734602902.6984,80,237,149
1734602902.7578838,264,0,275
1734602902.8178313,190,421,181
1734602902.8782344,883,560,750
1734602902.9347773,42,0,83
1734602902.9388032,64,19,85
1734602903.05652,164,240,154
1734602903.1748993,0,0,0
1734602903.2930865,0,255,0
1734602903.4205794,41,153,58
1734602903.4797115,49,178,64
1734602903.539452,0,0,3753
1734602903.5956776,321,290,309
1734602903.6560953,489,0,551
1734602903.7182822,622,0,603
1734602903.7768047,337,0,383
1734602903.8276274,269,0,320
1734602903.895184,0,0,45
1734602903.9569685,15,0,59
1734602904.0151718,227,0,240
1734602904.0760584,208,0,229
1734602904.0785375,99,113,174
1734602904.1947124,449,400,403
1734602904.2577128,0,0,0
1734602904.316879,0,0,15
1734602904.3785613,400,407,369
1734602904.4383426,313,293,292
1734602904.498474,0,29,12
1734602904.5580752,0,32,0
1734602904.6176188,0,129,0
1734602904.6850762,0,112,0
1734602904.734663,0,72,0
1734602904.796746,37,393,64
1734602904.8546479,0,576,1489
1734602904.9213455,128,0,400
1734602904.973904,0,0,126
1734602905.0396447,0,0,23
1734602905.093879,109,63,157
1734602905.1572754,86,61,138
1734602905.21813,0,16,34
1734602905.2758167,0,80,33
1734602905.3972716,0,651,0
1734602905.4545524,915,384,790
1734602905.5157516,1072,818,1044
1734602905.517168,91,354,197
1734602905.637737,539,585,495
1734602905.6986012,93,219,117
1734602905.8173227,93,98,112
1734602905.8767023,0,119,18
1734602905.9360106,0,256,0
1734602905.9908485,0,335,3839
1734602906.0556605,0,176,3814
1734602906.1073377,0,0,3883
1734602906.1791155,23,4,139
1734602906.2276936,49,0,176
1734602906.2980583,121,0,169
1734602906.3561163,35,0,128
1734602906.4765859,222,121,256
1734602906.5386927,368,0,368
1734602906.6572347,208,390,179
1734602906.7171636,80,208,98
1734602906.7758899,24,511,70
1734602906.8361878,643,550,523
1734602906.957465,0,140,54
1734602907.0093348,285,282,370
1734602907.1382756,86,0,227
1734602907.196171,90,48,240
1734602907.2595923,0,377,3998
1734602907.3184752,0,80,3830
1734602907.439709,19,2,126
1734602907.4980066,48,0,129
1734602907.5559905,10,0,105
1734602907.557998,98,65,176
1734602907.6778398,91,47,145
1734602907.7377844,245,0,285
1734602907.798049,281,106,331
1734602907.854531,2034,0,1874
1734602907.9181988,562,94,555
1734602907.9783223,0,0,0
1734602908.0376532,0,0,0
1734602908.0847862,83,46,141
1734602908.159995,459,473,443
1734602908.2152362,0,64,35
1734602908.278618,1850,1575,0
1734602908.3373325,2815,2256,33
1734602908.397706,763,683,0
1734602908.4564018,0,229,3861
1734602908.517723,0,274,3906
1734602908.64091,0,37,64
1734602908.6974256,0,0,41
1734602908.7567816,45,15,121
1734602908.8152618,0,0,65
1734602908.8794103,5,54,83
1734602908.9388018,80,155,111
1734602908.9970741,460,0,437
1734602909.0579343,1559,0,1373
1734602909.1800425,839,372,797
1734602909.236792,0,263,0
1734602909.2951922,0,197,0
1734602909.3577461,0,182,0
1734602909.4167676,336,387,352
1734602909.47656,117,263,49
1734602909.5989287,211,284,212
1734602909.6579776,291,442,0
1734602909.716314,2112,1889,0
1734602909.716932,1246,1253,0
1734602909.7768118,0,326,3846
1734602909.8962247,0,0,3906
1734602909.9561796,64,0,178
1734602910.0793343,119,0,238
1734602910.1993988,9,0,119
1734602910.3769448,224,427,355
1734602910.4366667,260,236,288
1734602910.4983773,65,90,146
1734602910.5573585,0,0,50
1734602910.678722,257,484,303
1734602910.7984369,1489,1277,0
1734602910.8578703,2544,2094,15
1734602910.9152064,0,162,1013
1734602910.9789045,0,345,3892
1734602911.0221515,0,321,3846
1734602911.10101,0,0,3922
1734602911.1545866,969,1022,1015
1734602911.2165682,0,48,167
1734602911.282139,57,0,154
1734602911.326418,137,25,216
1734602911.4621594,16,0,91
1734602911.5178866,0,0,95
1734602911.7002375,0,133,8
1734602911.8154078,305,166,288
1734602911.9380884,0,28,3
1734602911.997456,41,59,19
1734602912.0527658,0,0,0
1734602912.1193998,0,169,109
1734602912.1777246,0,164,1783
1734602912.297291,98,55,146
1734602912.415915,0,154,64
1734602912.4794562,108,0,133
1734602912.7184954,3426,2679,86
1734602912.8364246,2125,1721,0
1734602913.0286405,1668,1310,0
1734602913.076662,123,0,198
1734602913.1382618,375,0,424
1734602913.1980102,0,29,76
1734602913.2431693,0,23,48
1734602913.3192353,71,0,163
1734602913.37597,111,0,168
1734602913.4354365,0,0,83
1734602913.4961815,83,0,172
1734602913.6161547,51,99,125
1734602913.6765928,26,112,110
1734602913.739032,327,0,336
1734602913.8588715,16,146,73
1734602913.9153445,0,155,35
1734602914.0433352,0,18,34
1734602914.0943315,0,16,16
1734602914.1606863,0,144,38
1734602914.2159703,215,172,234
1734602914.2756217,272,93,272
1734602914.3404133,69,168,95
1734602914.3957014,47,77,80
1734602914.4564662,240,112,240
1734602914.5129733,0,0,581
1734602914.6376977,0,142,3706
1734602914.6875277,0,186,3812
1734602914.7531369,0,41,3758
1734602914.8130445,0,0,3735
1734602914.8721187,0,628,3614
1734602914.9976182,228,0,290
1734602915.0567658,64,0,145
1734602915.1170223,10,0,106
1734602915.177862,75,0,144
1734602915.2335646,112,130,159
1734602915.29185,230,0,246
1734602915.3531618,271,0,327
1734602915.4164784,58,161,85
1734602915.4768004,0,147,16
1734602915.5331903,48,192,113
1734602915.5967693,603,355,567
1734602915.6553564,85,0,166
1734602915.7145164,0,86,20
1734602915.7773533,128,143,173
1734602915.9009495,14,43,64
1734602916.0197666,1485,1175,0
1734602916.075546,0,290,111
1734602916.1976776,0,251,3822
1734602916.2622902,0,353,3875
1734602916.3161895,0,5,126
1734602916.3784707,0,47,16
1734602916.4369147,0,16,84
1734602916.4962637,0,0,47
1734602916.5594182,0,24,71
1734602916.6778865,627,0,591
1734602916.737283,128,44,169
1734602916.8580546,188,77,219
1734602916.9145067,71,353,110
1734602916.9772024,683,581,607
1734602917.03815,0,80,32
1734602917.0970228,0,0,0
1734602917.214128,54,69,90
1734602917.2752013,0,139,5
1734602917.33773,27,73,67
1734602917.455942,2427,1922,0
1734602917.5209186,1149,1072,0
1734602917.5746624,0,800,3690
1734602917.6380901,0,0,3887
1734602917.688767,0,635,3861
1734602917.7602935,28,0,89
1734602917.8161843,113,11,174
1734602917.9406955,0,2,46
1734602918.059932,624,0,623
1734602918.1176114,866,47,756
1734602918.1732726,0,1127,58
1734602918.296751,0,102,0
1734602918.3569694,74,107,133
1734602918.4162004,436,377,451
1734602918.4824023,190,302,251
1734602918.5358477,28,0,128
1734602918.5966897,0,46,19
1734602918.658297,2756,2174,18
1734602918.7123146,2513,1984,3
1734602918.7789752,861,850,0
1734602918.8351908,0,10,3816
1734602918.9568245,0,45,3856
1734602919.0136125,195,100,338
1734602919.0761864,262,171,381
1734602919.121563,0,0,93
1734602919.1940928,85,0,245
1734602919.3166223,144,0,196
1734602919.3771172,1237,686,1168
1734602919.436654,11,263,126
1734602919.4940624,0,0,65
1734602919.5518155,1820,0,1669
1734602919.6152782,80,256,211
1734602919.67968,288,125,351
1734602919.7383072,1168,1127,1035
1734602919.7940428,0,98,49
1734602919.851897,171,295,213
1734602919.9055767,64,178,128
1734602919.9770877,0,172,64
1734602920.0984871,28,143,112
1734602920.156465,0,222,48
1734602920.2182312,0,290,67
1734602920.2784228,0,436,31
1734602920.3229334,0,364,14
1734602920.3914437,0,355,43
1734602920.455485,320,208,401
1734602920.5042784,0,0,197
1734602920.5759878,241,463,570
1734602920.5838103,154,0,277
1734602920.6959758,67,0,169
1734602920.743203,288,0,348
1734602920.8103087,201,50,279
1734602920.9304185,0,959,9
1734602920.986877,1059,1279,925
1734602921.0509968,301,551,333
1734602921.1164136,37,0,110
1734602921.1765792,186,258,266
1734602921.2370217,22,190,151
1734602921.297938,15,37,125
1734602921.354086,0,32,94
1734602921.4203184,0,17,123
1734602921.4764683,0,0,81
1734602921.5408921,0,110,592
1734602921.59805,0,215,3863
1734602921.6566834,0,58,3886
1734602921.71175,0,64,2131
1734602921.7785892,193,0,351
1734602921.838277,0,0,177
1734602921.8965683,5,0,185
1734602921.9614036,1,0,184
1734602922.0187943,0,0,192
1734602922.1982799,1686,0,1573
1734602922.254984,66,0,192
1734602922.3171098,547,659,531
1734602922.4409347,13,0,222
1734602922.4969263,103,261,260
1734602922.6834314,0,88,122
1734602922.7933273,38,96,149
1734602922.8571699,0,99,238
1734602922.9135885,0,155,387
1734602922.9817955,0,525,3859
1734602923.036523,0,11,3856
1734602923.099169,409,396,566
1734602923.2179925,50,0,185
1734602923.2780464,55,24,191
1734602923.33586,16,0,146
1734602923.399707,16,88,65
1734602923.4525476,192,0,240
1734602923.5024698,272,0,326
1734602923.5756505,254,89,320
1734602923.5772038,1305,0,1219
1734602923.694719,160,341,37
1734602923.757998,0,97,0
1734602923.8188078,80,0,113
1734602923.8775377,176,138,185
1734602923.9385283,0,48,0
1734602923.9971147,158,130,181
1734602924.0578132,118,173,173
1734602924.1176524,54,58,115
1734602924.2412028,0,16,70
1734602924.358249,0,211,3883
1734602924.4172852,0,51,3911
1734602924.4734013,905,893,882
1734602924.5403378,0,0,113
1734602924.6563258,110,17,214
1734602924.7188344,6,0,125
1734602924.777341,6,1,102
1734602924.8382277,76,131,144
1734602924.8966088,290,26,366
1734602924.9535985,282,0,427
1734602925.0145214,74,0,304
1734602925.0165272,106,0,288
1734602925.1264482,243,47,256
1734602925.1981082,398,433,374
1734602925.2536263,0,11,0
1734602925.3199158,0,0,0
1734602925.377493,624,596,589
1734602925.4379756,13,63,86
1734602925.496155,48,95,112
1734602925.5572188,114,170,173
1734602925.6182237,47,66,97
1734602925.6754413,0,33,34
1734602925.740541,241,243,1820
1734602925.799526,0,16,3797
1734602925.8545868,0,27,3693
1734602925.9176068,0,0,3841
1734602925.978332,16,0,197
1734602926.03811,26,0,147
1734602926.096571,0,0,113
1734602926.1575053,53,54,193
1734602926.2175572,93,67,210
1734602926.2778368,46,111,160
1734602926.3380244,457,0,509
1734602926.3967862,657,0,656
1734602926.4590921,182,0,197
1734602926.507947,0,752,133
1734602926.5766456,953,638,956
1734602926.6368215,76,304,211
1734602926.690183,0,0,59
1734602926.7582927,456,318,547
1734602926.8775904,0,46,84
1734602926.9309292,134,111,285
1734602926.9983723,112,29,258
1734602927.0582752,0,45,127
1734602927.1119995,0,86,2822
1734602927.1819983,0,0,3685
1734602927.2368019,0,0,3856
1734602927.2963223,0,38,213
1734602927.3569038,41,19,233
1734602927.403223,64,0,342
1734602927.4778116,0,0,98
1734602927.53819,4,20,242
1734602927.6435828,510,0,688
1734602927.7075124,230,7,411
1734602927.7792633,113,64,297
1734602927.8298326,0,148,16
1734602927.8947153,253,176,309
1734602927.9576719,201,525,242
1734602928.0050223,113,435,199
1734602928.0801375,26,176,213
1734602928.1391914,0,46,146
1734602928.1976712,1,122,203
1734602928.252081,2,13,192
1734602928.305954,36,35,235
1734602928.3790016,691,432,0
1734602928.4243078,1261,1041,0
1734602928.4960601,0,44,3791
1734602928.556823,0,0,3707
1734602928.6094587,0,61,3829
1734602928.737927,432,0,575
1734602928.7953007,259,0,402
1734602928.8588355,60,0,259
1734602928.906824,0,0,207
1734602928.9792325,0,0,215
1734602929.1005325,556,52,791
1734602929.1584003,0,0,146
1734602929.2167113,107,369,185
1734602929.2752218,16,445,131
1734602929.3278687,0,0,33
1734602929.396721,0,41,176
1734602929.4489493,169,267,273
1734602929.5160897,78,191,231
1734602929.5168686,0,0,82
1734602929.629358,45,65,126
1734602929.697284,688,507,0
1734602929.7579527,1403,1184,0
1734602929.8128476,0,151,2961
1734602929.938381,437,250,534
1734602929.9924498,198,64,351
1734602930.05589,0,0,111
1734602930.118486,105,65,269
1734602930.1781867,39,126,206
1734602930.2350569,19,151,172
1734602930.2952507,302,0,383
1734602930.3581095,175,16,247
1734602930.4104502,0,0,101
1734602930.4809449,0,46,0
1734602930.5385118,1241,1165,1118
1734602930.657886,0,0,26
1734602930.7757306,458,448,540
1734602930.8272655,0,101,107
1734602930.9008358,0,26,59
1734602931.011804,2213,1776,0
1734602931.077657,1457,1193,0
1734602931.1384118,0,44,3253
1734602931.1947026,0,0,3831
1734602931.2566767,0,0,3890
1734602931.3122163,448,0,678
1734602931.3778417,448,0,651
1734602931.437853,180,0,299
1734602931.4952962,251,43,368
1734602931.558012,0,0,106
1734602931.6126132,0,35,113
1734602931.6759582,0,46,112
1734602931.739072,83,117,232
1734602931.8553352,1620,189,1662
1734602931.9767668,0,256,86
1734602932.035676,0,0,0
1734602932.0922422,261,224,336
1734602932.1549394,0,0,48
1734602932.216632,97,108,199
1734602932.2185562,16,0,131
1734602932.3378196,53,112,165
1734602932.3965688,0,95,113
1734602932.457339,39,172,146
1734602932.5145216,23,315,145
1734602932.575251,0,176,3921
1734602932.691773,0,26,3893
1734602932.7621486,0,2,177
1734602932.8160446,130,25,259
1734602932.8778734,63,35,176
1734602932.9956367,48,0,278
1734602933.0577695,195,0,421
1734602933.1152153,674,0,717
1734602933.1776018,842,0,874
1734602933.2398362,624,272,635
1734602933.296504,0,255,0
1734602933.3567688,112,177,217
1734602933.4155948,151,207,275
1734602933.478061,0,21,105
1734602933.5381687,121,133,245
1734602933.5981822,50,89,176
1734602933.6566496,0,41,68
1734602933.7162519,129,135,227
1734602933.774297,0,63,68
1734602933.776302,65,86,167
1734602933.8957796,1200,1111,0
1734602933.9594345,0,165,3803
1734602934.0182445,0,0,3824
1734602934.078603,0,0,3866
1734602934.1388764,235,0,459
1734602934.1985147,0,0,265
1734602934.256425,16,0,297
1734602934.3790538,0,0,297
1734602934.4383304,137,86,404
1734602934.557308,679,0,692
1734602934.616977,575,0,757
1734602934.6790109,315,129,453
1734602934.7231019,334,403,542
1734602934.8010864,0,0,89
1734602934.8581557,368,277,439
1734602934.917198,0,114,153
1734602934.9774492,0,16,127
1734602935.0304086,49,83,189
1734602935.0948749,1204,947,0
1734602935.1564589,2438,1904,0
1734602935.2779574,0,243,3867
1734602935.3340452,0,93,3719
1734602935.3978982,0,0,3925
1734602935.4539955,145,0,407
1734602935.508987,0,0,209
1734602935.5726318,0,0,175
1734602935.6859825,0,0,194
1734602935.7573137,0,64,208
1734602935.8194075,537,0,643
1734602935.8753448,451,0,588
1734602935.9361238,1156,0,1094
1734602935.9381268,0,304,49
1734602936.0586984,0,549,23
1734602936.1777942,0,41,84
1734602936.2376838,0,117,186
1734602936.2920766,121,176,253
1734602936.3517282,0,42,139
1734602936.4727318,32,121,176
1734602936.5410244,0,90,68
1734602936.592851,0,157,73
1734602936.7154503,0,123,3805
1734602936.7781107,0,0,4000
1734602936.895794,0,0,169
1734602936.9555433,16,0,227
1734602937.0039222,66,0,285
1734602937.0777345,74,0,226
1734602937.1389647,80,104,236
1734602937.1947064,473,0,558
1734602937.2538996,446,0,619
1734602937.3166738,1211,0,1149
1734602937.3759198,601,68,618
1734602937.4375162,503,604,532
1734602937.4935305,0,0,55
1734602937.5514448,411,431,453
1734602937.6735103,0,0,90
1734602937.73814,65,16,171
1734602937.7926118,0,0,36
1734602937.8563607,1863,1662,0
1734602937.9032407,1749,1535,0
1734602937.9804888,0,196,2000
1734602938.0272436,0,0,3840
1734602938.0972428,0,0,201
1734602938.2121856,0,16,119
1734602938.2804172,0,0,247
1734602938.3382378,101,30,367
1734602938.3950872,67,77,334
1734602938.4578328,287,0,475
1734602938.509107,1729,0,1585
1734602938.5754805,0,569,91
1734602938.64033,560,0,605
1734602938.6964664,0,233,19
1734602938.8121681,368,488,375
1734602938.932961,170,138,229
1734602938.9846594,0,0,66
1734602939.0484664,190,112,266
1734602939.1714125,0,74,16
1734602939.2408133,0,644,3684
1734602939.294872,0,0,3904
1734602939.352046,0,147,239
1734602939.476623,25,0,321
1734602939.533678,0,0,270
1734602939.5912507,48,0,336
1734602939.66099,0,0,215
1734602939.7132125,64,64,304
1734602939.7769446,5,40,268
1734602939.8999746,1559,0,1520
1734602939.959509,0,181,100
1734602940.076174,0,455,16
1734602940.1303833,85,758,146
1734602940.1958363,306,368,352
1734602940.2480834,115,315,214
1734602940.3205938,76,0,234
1734602940.3752768,32,0,240
1734602940.4409592,0,85,146
1734602940.4981024,0,0,142
1734602940.549046,95,1,281
1734602940.6804025,0,0,803
1734602940.7315423,0,0,3843
1734602940.7955248,0,0,3839
1734602940.8561962,139,4,457
1734602940.9055102,306,0,539
1734602940.9770124,137,0,348
1734602941.0356128,99,16,317
1734602941.0972729,29,0,228
1734602941.2173514,0,0,144
1734602941.2767282,141,0,273
1734602941.334854,527,358,547
1734602941.384953,0,844,59
1734602941.4561622,291,798,363
1734602941.5179691,0,560,115
1734602941.5767653,0,193,86
1734602941.632984,506,386,647
1734602941.6952055,0,0,146
1734602941.7481124,14,0,226
1734602941.8167033,0,26,199
1734602941.8770792,0,89,134
1734602941.9975421,368,0,449
1734602942.1213696,0,384,3680
1734602942.1785676,0,0,3803
1734602942.298088,182,0,414
1734602942.3500118,136,0,366
1734602942.4073925,67,10,304
1734602942.5388622,0,111,102
1734602942.6581511,0,34,113
1734602942.7146916,208,499,314
1734602942.7907832,0,471,163
1734602942.834586,0,0,167
1734602942.8388076,37,193,203
1734602942.9557965,0,422,56
1734602943.017524,432,390,506
1734602943.07778,107,34,224
1734602943.13527,0,0,128
1734602943.195431,311,27,400
1734602943.2581325,0,76,52
1734602943.3756537,0,0,70
1734602943.43472,0,16,143
1734602943.5575612,157,0,379
1734602943.6127338,175,0,368
1734602943.7900624,0,17,211
1734602943.8561742,0,27,186
1734602943.978932,0,0,152
1734602944.0247655,0,91,144
1734602944.0957494,0,142,162
1734602944.145661,0,80,206
1734602944.2910209,0,213,0
1734602944.3879786,0,144,47
1734602944.452623,274,352,349
1734602944.5801957,0,0,104
1734602944.6962624,121,0,235
1734602944.750665,277,0,342
1734602944.8802042,1,0,3052
1734602944.9283469,0,614,3616
1734602945.0010233,0,0,165
1734602945.0570285,132,16,372
1734602945.1064785,240,0,395
1734602945.2252533,0,0,167
1734602945.2972665,449,0,525
1734602945.3538373,265,0,418
1734602945.40648,59,18,236
1734602945.4780571,16,10,144
1734602945.5342376,0,102,16
1734602945.5968566,0,183,63
1734602945.718824,0,256,17
1734602945.8375227,0,237,105
1734602945.9537053,0,65,81
1734602946.0101485,19,6,142
1734602946.1249845,151,41,289
1734602946.1929035,113,71,224
1734602946.2419527,97,128,222
1734602946.3201873,0,0,121
1734602946.4322233,0,0,129
1734602946.5465646,57,19,176
1734602946.615833,54,41,181
1734602946.6778097,74,39,195
1734602946.737893,95,47,206
1734602946.797731,115,50,235
1734602946.914889,0,123,0
1734602947.0327706,0,0,40
1734602947.0959547,394,259,432
1734602947.2790887,0,86,69
1734602947.3403695,0,96,57
1734602947.3955874,46,48,129
1734602947.516013,109,54,179
1734602947.5795798,131,56,189
1734602947.6265213,129,42,191
1734602947.766669,0,656,3365
1734602947.767325,294,306,451
1734602947.8764875,42,31,290
1734602947.9232821,275,0,432
1734602948.0068822,0,0,96
1734602948.1125624,0,120,83
1734602948.229653,191,0,276
1734602948.298207,1261,0,1298
1734602948.3563025,0,272,27
1734602948.4121332,0,291,22
1734602948.4744658,1001,757,923
1734602948.5232413,133,205,257
1734602948.6010854,0,99,60
1734602948.6573212,0,237,30
1734602948.711059,65,210,182
1734602948.8378444,32,0,159
1734602948.8973086,246,0,336
1734602949.0205357,0,403,3813
1734602949.1345582,0,0,3839
1734602949.2026577,192,0,343
1734602949.3201363,0,0,38
1734602949.4307482,96,4,207
1734602949.4995613,64,0,190
1734602949.6746733,0,0,95
1734602949.7319145,125,0,299
1734602949.7965713,0,677,101
1734602949.9253259,123,0,256
1734602950.0381222,0,17,41
1734602950.0926633,0,95,39
1734602950.1601222,0,193,24
1734602950.214134,0,82,108
1734602950.3932686,0,26,56
1734602950.5156693,217,0,511
1734602950.5799308,400,0,503
1734602950.63801,405,25,449
1734602950.755681,206,16,337
1734602950.8123279,0,53,6
1734602950.92811,159,0,279
1734602951.004129,0,911,41
1734602951.1198256,0,337,10
1734602951.1758504,0,0,0
1734602951.2381468,898,479,848
1734602951.2976263,80,165,160
1734602951.3536491,211,208,255
1734602951.4138613,0,240,0
1734602951.5297058,0,240,11
1734602951.6646628,47,0,169
1734602951.7037988,47,0,176
1734602951.8419743,242,35,0
1734602951.896959,582,464,731
1734602952.0086527,384,179,510
1734602952.078105,0,8,73
1734602952.2000413,0,64,75
1734602952.25686,66,130,187
1734602952.3813248,80,5,197
1734602952.5021915,0,1424,122
1734602952.5578926,707,279,693
1734602952.6795566,264,135,330
1734602952.796205,0,240,0
1734602952.855219,0,210,0
1734602952.9132233,0,228,15
1734602952.9829848,0,0,80
1734602953.0365384,307,2,339
1734602953.0850196,2226,1461,0
1734602953.1566906,0,0,3696
1734602953.2181273,0,0,3794
1734602953.3404386,187,128,343
1734602953.3968668,0,0,33
1734602953.457142,0,52,83
1734602953.5166667,0,114,84
1734602953.5787113,18,77,115
1734602953.6283247,161,48,235
1734602953.697689,266,89,340
1734602953.7569358,202,90,294
1734602953.8766656,301,90,496
1734602953.938577,37,0,210
1734602953.9886975,221,48,323
1734602954.056566,0,0,65
1734602954.1170738,0,268,45
1734602954.1744747,0,337,66
1734602954.229286,162,126,265
1734602954.2980895,176,112,235
1734602954.3540003,2973,2193,25
1734602954.5421808,0,33,666
1734602954.590383,0,0,3643
1734602954.6514647,0,0,3839
1734602954.7790666,50,0,192
1734602954.827248,48,0,160
1734602954.8932142,0,0,128
1734602954.959443,1,28,133
1734602955.0160174,49,123,167
1734602955.1323025,48,0,154
1734602955.1951625,272,0,304
1734602955.251151,155,0,233
1734602955.3235462,544,381,619
1734602955.3753395,705,811,763
1734602955.436361,0,179,80
1734602955.4929116,0,219,15
1734602955.5528932,0,226,0
1734602955.6170762,0,59,89
1734602955.7360666,0,50,84
1734602955.7962377,197,75,242
1734602955.861588,1530,1363,0
1734602955.9089108,192,224,198
1734602955.976466,0,0,1246
1734602956.0382547,0,0,3883
1734602956.0869355,1470,1283,1501
1734602956.1510377,74,0,208
1734602956.2104034,151,0,274
1734602956.2763093,74,0,206
1734602956.3388762,99,22,203
1734602956.3968694,65,0,166
1734602956.4558027,268,0,309
1734602956.5092595,299,0,336
1734602956.5784383,119,304,229
1734602956.580442,0,117,27
1734602956.696122,861,867,821
1734602956.755691,0,189,0
1734602956.809373,0,160,44
1734602956.8801963,101,210,180
1734602957.0545628,0,144,87
1734602957.1057193,97,150,170
1734602957.1892252,0,112,1
1734602957.2379506,85,284,17
1734602957.2975302,0,146,1195
1734602957.3568823,0,110,3750
1734602957.418003,0,0,118
1734602957.535104,32,0,343
1734602957.6015017,0,7,144
1734602957.656606,44,13,169
1734602957.716949,0,66,54
1734602957.777461,285,0,342
1734602957.8236191,258,0,366
1734602957.8983023,2224,0,1969
1734602957.9556406,0,768,59
1734602958.017775,448,395,453
1734602958.078213,527,419,530
1734602958.1307566,0,0,7
1734602958.1974585,406,334,438
1734602958.257229,153,108,246
1734602958.3162012,3,0,151
1734602958.3777,0,91,148
1734602958.4367812,0,103,91
1734602958.438123,0,85,144
1734602958.4957132,15,79,190
1734602958.603673,1132,970,0
1734602958.680813,0,14,3734
1734602958.7348433,0,778,3658
1734602958.7952056,0,0,3887
1734602958.858166,240,48,419
1734602958.9099426,0,0,188
1734602958.9736652,93,42,269
1734602959.0341866,146,102,333
1734602959.0978165,0,25,120
1734602959.1456826,0,18,78
1734602959.217348,0,128,112
1734602959.27452,403,0,574
1734602959.3401299,1305,0,1280
1734602959.3955834,0,976,103
1734602959.5118673,0,0,99
1734602959.6236753,166,40,299
1734602959.6978357,128,26,288
1734602959.7437718,0,159,85
1734602959.815018,2080,1723,0
1734602959.941298,2486,1902,0
1734602959.9956262,1291,1129,0
1734602960.0581515,0,253,3859
1734602960.103507,0,21,3847
1734602960.1781394,0,0,3849
1734602960.2345965,119,29,304
1734602960.2959745,353,112,471
1734602960.3570373,270,54,372
1734602960.406895,37,0,186
1734602960.5208573,0,146,43
1734602960.5964139,510,0,576
1734602960.658496,0,910,109
1734602960.7043025,166,122,251
1734602960.7762043,0,197,77
1734602960.8295324,0,95,7
1734602960.8995566,0,0,6
1734602960.9590383,342,310,403
1734602961.0788748,0,26,48
1734602961.1380916,91,227,189
1734602961.197626,63,95,169
1734602961.254006,0,48,113
1734602961.3161879,0,192,144
1734602961.438152,0,62,3863
1734602961.497243,0,0,4080
1734602961.5556166,0,98,188
1734602961.6128848,22,0,164
1734602961.729827,0,71,122
1734602961.8569305,368,0,414
1734602961.91843,326,19,391
1734602962.0423243,0,50,36
1734602962.0976331,0,98,91
1734602962.1581619,1072,1129,976
1734602962.2181041,0,144,102
1734602962.2793517,0,0,27
1734602962.3373814,239,344,361
1734602962.3964543,0,47,81
1734602962.456917,1935,1580,0
1734602962.5130677,2393,2080,15
1734602962.6452503,1066,912,0
1734602962.7572746,0,0,3852
1734602962.8062797,0,0,4030
1734602962.875971,0,176,458
1734602962.9349587,0,48,243
1734602963.004382,43,70,256
1734602963.0535989,38,0,206
1734602963.1203303,0,7,48
1734602963.1766481,343,0,403
1734602963.2374353,89,0,201
1734602963.2945635,26,0,170
1734602963.297548,1535,0,1617
1734602963.3558962,0,825,70
1734602963.476758,291,630,342
1734602963.5382712,0,87,5
1734602963.5924294,400,417,429
1734602963.6532803,52,84,121
1734602963.7176883,150,77,195
1734602963.7781138,93,128,151
1734602963.8382003,0,85,51
1734602963.8983457,865,759,0
1734602963.9560366,0,145,1104
1734602964.0172458,0,146,3509
1734602964.0773804,0,0,3881
1734602964.1363053,376,0,527
1734602964.1883652,386,0,538
1734602964.255612,300,0,373
1734602964.3170006,165,0,307
1734602964.3783877,237,95,381
1734602964.4329891,0,31,87
1734602964.498094,144,0,238
1734602964.5573678,289,0,464
1734602964.617458,0,1023,156
1734602964.6774817,400,336,428
1734602964.7317019,0,376,0
1734602964.8597546,81,127,146
1734602964.9173186,111,195,176
1734602964.9784126,0,110,213
1734602965.0360432,0,125,180
1734602965.0985363,0,81,210
1734602965.1561062,1,37,243
1734602965.2155547,0,62,196
1734602965.2779832,0,123,3037
1734602965.3377414,0,81,3779
1734602965.3975594,0,0,3851
1734602965.4434106,0,637,3827
1734602965.5181272,256,0,492
1734602965.577175,208,0,343
1734602965.6374762,361,196,490
1734602965.6976378,121,0,273
1734602965.7562022,0,13,134
1734602965.8174489,208,0,322
1734602965.8764768,240,50,338
1734602965.9371235,0,582,390
1734602965.997338,0,181,65
1734602966.0579576,0,541,35
1734602966.1182778,190,661,251
1734602966.1780126,0,145,86
1734602966.2382226,60,45,175
1734602966.2953856,0,0,82
1734602966.3573964,160,162,279
1734602966.3605282,35,0,125
1734602966.479345,0,0,76
1734602966.538567,446,365,0
1734602966.5958118,0,102,2378
1734602966.6573877,0,0,3847
1734602966.716299,0,0,3894
1734602966.7799401,353,0,409
1734602966.828006,97,7,237
1734602966.90105,43,0,155
1734602967.0180993,0,65,94
1734602967.077782,86,48,143
1734602967.137575,548,0,560
1734602967.188323,1667,0,1531
1734602967.2566643,0,1862,197
1734602967.3176184,367,420,391
1734602967.3778813,0,124,27
1734602967.4387014,86,158,157
1734602967.4969547,144,144,282
1734602967.5458808,0,35,153
1734602967.6038547,251,138,367
1734602967.6764123,0,101,80
1734602967.7323718,61,114,240
1734602967.7961466,11,67,174
1734602967.857593,375,448,2
1734602967.9180942,0,7,3328
1734602967.97595,0,106,3786
1734602968.0392828,0,139,378
1734602968.0977387,115,0,256
1734602968.1571398,208,0,351
1734602968.2165432,282,176,285
1734602968.2768052,156,0,302
1734602968.3344748,0,45,84
1734602968.397144,48,43,125
1734602968.4578104,368,0,429
1734602968.5162215,1038,14,935
1734602968.578084,0,578,9
1734602968.6348724,35,112,125
1734602968.6998906,93,690,193
1734602968.758773,0,16,12
1734602968.8169103,385,400,433
1734602968.8771305,149,154,217
1734602968.998369,131,174,206
1734602969.0580378,0,128,50
1734602969.1159322,0,174,58
1734602969.1780386,0,200,1136
1734602969.2265725,0,231,3364
1734602969.2952359,0,0,3933
1734602969.3553674,34,0,231
1734602969.4178753,381,0,431
1734602969.477379,274,0,343
1734602969.5318284,0,0,115
1734602969.5983152,135,26,219
1734602969.6569612,43,0,143
1734602969.7163885,490,0,511
1734602969.7769823,1323,0,1239
1734602969.8373892,0,695,12
1734602969.8973396,1273,845,1168
1734602969.95797,0,125,0
1734602970.0050073,0,122,0
1734602970.0755525,0,0,0
1734602970.0770748,178,344,240
1734602970.1955092,272,305,347
1734602970.3216586,0,0,57
1734602970.377668,0,81,103
1734602970.4237673,0,153,2924
1734602970.494122,0,943,3141
1734602970.5555508,0,240,3823
1734602970.6148696,0,250,3811
1734602970.6818588,0,459,3724
1734602970.7959206,254,81,312
1734602970.9206507,16,73,73
1734602970.9788153,139,0,155
1734602971.0378344,704,0,624
1734602971.0981495,1744,0,1470
1734602971.1554453,182,0,142
1734602971.218912,1297,752,1137
1734602971.2767968,321,293,343
1734602971.3377883,0,0,0
1734602971.3976538,321,437,346
1734602971.4577723,212,366,249
1734602971.517501,0,0,71
1734602971.576837,1535,1392,0
1734602971.638236,2633,2271,33
1734602971.6966498,97,173,51
1734602971.7528968,0,141,3706
1734602971.8174467,0,314,3828
1734602971.8740535,0,337,3843
1734602971.9968956,0,126,161
1734602972.0590932,0,16,64
1734602972.1172917,87,22,207
1734602972.1799414,27,0,137
1734602972.2361846,208,36,284
1734602972.2975385,171,107,241
1734602972.357687,0,86,75
1734602972.4161284,101,53,178
1734602972.4765575,151,0,225
1734602972.5338717,0,215,190
1734602972.5962036,1426,321,1299
1734602972.6562042,0,572,0
1734602972.7178338,224,464,214
1734602972.8337924,0,171,0
1734602972.898287,1,101,77
1734602973.0175178,18,155,107
1734602973.0788484,0,186,1556
1734602973.1364946,0,277,3722
1734602973.19876,0,17,3859
1734602973.2568474,0,0,3991
1734602973.3173048,100,0,249
1734602973.3774834,34,0,99
1734602973.4363866,203,0,267
1734602973.5484724,61,0,205
1734602973.625071,16,0,115
1734602973.6768022,671,0,640
1734602973.737987,1066,0,965
1734602973.7973814,0,38,64
1734602973.9174953,0,336,0
1734602973.9750578,869,842,775
1734602974.0376549,0,19,53
1734602974.0962539,0,118,87
1734602974.1559186,285,382,308
1734602974.2223809,0,7,10
1734602974.2750924,0,1,0
1734602974.3365467,0,57,48
1734602974.3872368,0,85,105
1734602974.4508417,0,786,3839
1734602974.5063348,0,95,3813
1734602974.6370373,0,31,161
1734602974.6903822,87,1,190
1734602974.7469296,0,0,82
1734602974.8144982,152,83,242
1734602974.8724363,80,61,164
1734602974.934223,0,148,55
1734602974.995905,96,0,171
1734602975.0478778,254,67,304
1734602975.1172163,1007,0,939
1734602975.1785429,0,211,3
1734602975.2343242,744,554,703
1734602975.2929633,145,285,228
1734602975.3515975,0,0,0
1734602975.4156065,128,272,192
1734602975.5253124,42,192,109
1734602975.6523688,0,172,16
1734602975.7093308,0,177,67
1734602975.7779987,0,303,3735
1734602975.8899715,0,960,3622
1734602975.9498446,0,39,3921
1734602976.0169036,240,0,382
1734602976.0762873,180,0,238
1734602976.136855,30,0,175
1734602976.1972802,160,0,241
1734602976.2520084,295,130,345
1734602976.3140259,149,58,226
1734602976.436981,574,0,541
1734602976.49407,164,235,225
1734602976.542476,0,494,80
1734602976.6147938,0,0,63
1734602976.6753418,167,0,242
1734602976.735019,191,241,251
1734602976.798202,198,156,257
1734602976.8469272,112,0,193
1734602976.976865,0,37,99
1734602977.0367913,15,80,136
1734602977.0981472,0,114,76
1734602977.1564791,0,332,30
1734602977.216783,0,624,119
1734602977.3380373,0,90,107
1734602977.3981707,16,37,128
1734602977.4574425,50,3,174
1734602977.510682,80,0,202
1734602977.6874866,203,0,333
1734602977.8098342,73,0,208
1734602977.8804386,158,41,131
1734602978.0011764,0,0,1414
1734602978.121739,45,41,98
1734602978.1716795,0,13,64
1734602978.2287707,170,182,208
1734602978.3014877,178,281,0
1734602978.3566182,46,213,68
1734602978.418944,64,187,103
1734602978.4760783,0,125,39
1734602978.5301356,0,270,0
1734602978.6582258,0,337,29
1734602978.7163126,37,241,110
1734602978.7748854,176,148,222
1734602978.8384552,224,79,284
1734602978.887366,239,0,567
1734602978.9582403,34,0,144
1734602979.01517,0,0,101
1734602979.0751545,82,0,109
1734602979.1375837,13,0,35
1734602979.1958373,151,44,80
1734602979.3127217,183,109,96
1734602979.378777,162,70,107
1734602979.4332974,7,0,0
1734602979.5574646,637,510,383
1734602979.6175084,633,523,432
1734602979.678277,192,0,111
1734602979.7375412,48,0,0
1734602979.7877054,118,179,52
1734602979.8493721,87,113,23
1734602979.9137135,64,139,16
1734602979.977232,7,79,0
1734602980.035079,81,139,33
1734602980.0953925,73,158,37
1734602980.1546621,114,201,67
1734602980.2190065,4,85,0
1734602980.2778635,34,105,16
1734602980.3368025,60,150,43
1734602980.3951254,176,194,144
1734602980.4509964,0,0,3738
1734602980.5162902,139,0,186
1734602980.5713027,132,0,138
1734602980.6264284,86,15,103
1734602980.6975274,1019,618,886
1734602980.8186598,37,0,78
1734602980.8779027,0,0,27
1734602980.9299688,86,34,106
1734602980.9958746,81,43,99
1734602981.0439444,208,37,198
1734602981.1167355,85,0,112
1734602981.2364142,0,0,0
1734602981.2961662,291,0,299
1734602981.3564718,201,0,263
1734602981.4171724,0,709,64
1734602981.4766738,603,241,562
1734602981.527804,0,0,0
1734602981.5945137,210,246,45
1734602981.6522062,76,131,0
1734602981.7170262,99,118,0
1734602981.7735023,112,109,8
1734602981.8360472,30,80,0
1734602981.9544623,157,144,77
1734602982.0258014,0,206,0
1734602982.0813136,11,114,0
1734602982.1246965,170,211,94
1734602982.1925435,0,0,3813
1734602982.2524476,110,30,64
1734602982.3168643,52,0,137
1734602982.378626,59,0,37
1734602982.4382188,272,128,227
1734602982.495004,92,38,99
1734602982.5570912,192,102,149
1734602982.622137,8,3,0
1734602982.6773422,36,110,9
1734602982.74045,163,10,129
1734602982.8582165,1217,0,1001
1734602982.9165137,0,747,0
1734602982.9789035,757,443,667
1734602983.0373755,0,57,0
1734602983.0978687,592,463,480
1734602983.1572351,0,16,0
1734602983.2150989,304,365,246
1734602983.2773218,0,82,0
1734602983.3927522,0,151,0
1734602983.4537785,98,205,75
1734602983.5168147,48,209,13
1734602983.5730178,0,287,3857
1734602983.6301088,0,63,3815
1734602983.7575986,47,0,144
1734602983.8142076,16,0,21
1734602983.8755093,74,0,84
1734602983.9355166,59,22,80
1734602983.9944723,45,0,64
1734602984.0564137,109,48,111
1734602984.1165931,85,97,80
1734602984.1742203,294,0,277
1734602984.2349231,885,0,755
1734602984.3560073,934,591,786
1734602984.4187481,235,205,208
1734602984.4781244,0,0,0
1734602984.5376234,313,561,367
1734602984.6565325,107,194,132
1734602984.704054,0,98,22
1734602984.7774217,101,141,112
1734602984.956962,0,235,50
1734602985.014837,0,194,0
1734602985.0815482,59,48,141
1734602985.1337595,164,0,212
1734602985.196799,113,0,147
1734602985.2573402,192,0,221
1734602985.3127384,108,0,143
1734602985.4362457,66,49,95
1734602985.4957528,949,0,878
1734602985.555539,176,40,199
1734602985.6146162,16,0,96
1734602985.678804,315,0,321
1734602985.7320192,0,240,0
1734602985.801413,83,214,112
1734602985.8492312,667,323,585
1734602985.914918,66,0,99
1734602985.9788063,0,17,0
1734602986.0378926,275,297,267
1734602986.1461377,0,90,1
1734602986.2103693,42,121,66
1734602986.3311853,0,439,3805
1734602986.3957398,0,223,3905
1734602986.4579556,644,634,655
1734602986.5088289,16,128,72
1734602986.5806859,0,84,23
1734602986.6382406,50,49,82
1734602986.6902292,97,0,123
1734602986.7506998,140,0,144
1734602986.8039677,240,16,263
1734602986.8784335,55,114,81
1734602986.9374187,216,0,219
1734602986.9977133,651,0,591
1734602987.1017413,362,144,391
1734602987.1800983,208,315,218
1734602987.237678,0,144,0
1734602987.298173,322,348,343
1734602987.3561053,240,227,243
1734602987.4109068,0,0,51
1734602987.536112,0,64,0
1734602987.6486816,0,38,3728
1734602987.7149944,0,131,3760
1734602987.7797532,0,64,3802
1734602987.8337824,0,67,3887
1734602987.8971016,208,113,251
1734602987.9575026,96,37,161
1734602988.0162811,86,17,135
1734602988.079599,104,16,144
1734602988.1346078,169,64,199
1734602988.1989048,0,80,25
1734602988.2572184,247,0,256
1734602988.3037,240,238,278
1734602988.377892,1381,0,1225
1734602988.4370875,0,547,0
1734602988.4851916,1427,1258,1136
1734602988.5573769,0,256,0
1734602988.6115527,14,50,16
1734602988.6767058,481,475,407
1734602988.7356358,0,0,0
1734602988.854664,398,240,280
1734602988.9178815,1296,1037,0
1734602989.0359764,0,14,750
1734602989.093447,0,17,3760
1734602989.1583493,0,0,3811
1734602989.2079597,0,0,3956
1734602989.2762027,0,48,129
1734602989.3953192,0,0,30
1734602989.442809,114,0,135
1734602989.5116425,148,0,159
1734602989.5831227,0,0,0
1734602989.6361797,129,97,127
1734602989.6932218,501,0,439
1734602989.7569199,135,0,151
1734602989.8770554,0,383,0
1734602989.9371126,0,92,0
1734602989.997276,98,208,110
1734602990.0567424,368,414,303
1734602990.1173499,265,238,224
1734602990.178381,287,190,240
1734602990.2975135,0,0,3711
1734602990.3548088,0,78,3635
1734602990.4091725,0,26,3806
1734602990.4728837,0,541,3601
1734602990.5397797,0,63,0
1734602990.5945942,0,64,47
1734602990.7119884,150,106,155
1734602990.7783427,166,121,162
1734602990.838259,127,176,128
1734602990.893302,0,31,26
1734602990.9596484,69,65,91
1734602991.018537,1392,0,1174
1734602991.0747287,120,189,146
1734602991.1920302,0,377,0
1734602991.2565353,99,336,99
1734602991.3169782,0,44,0
1734602991.3767676,321,221,289
1734602991.4391582,257,117,243
1734602991.497626,139,125,142
1734602991.5566788,1,262,17
1734602991.6759808,80,142,108
1734602991.739195,0,51,374
1734602991.7962322,0,48,3866
1734602991.8554716,0,0,186
1734602991.9041462,170,0,221
1734602991.9754164,194,0,243
1734602992.0377648,181,42,241
1734602992.0962558,133,4,190
1734602992.1532347,0,0,34
1734602992.212863,0,80,35
1734602992.2786279,486,0,480
1734602992.33691,312,52,309
1734602992.3928015,557,0,561
1734602992.4560492,0,405,0
1734602992.503623,384,430,348
1734602992.5753694,0,426,0
1734602992.5796094,278,369,272
1734602992.6966877,448,432,413
1734602992.7568033,0,0,143
1734602992.81825,64,176,224
1734602992.8772988,0,45,160
1734602992.9367874,48,31,207
1734602992.9888113,354,339,0
1734602993.0575747,0,95,1223
1734602993.1178079,0,30,3826
1734602993.1739445,0,528,3542
1734602993.2297163,0,114,105
1734602993.2946928,0,0,169
1734602993.3611298,86,0,190
1734602993.4165618,62,0,157
1734602993.478529,0,114,65
1734602993.588245,743,0,701
1734602993.6577263,1136,0,1074
1734602993.718272,0,1750,126
1734602993.7778463,505,333,490
1734602993.8385382,0,526,0
1734602993.8962312,23,370,94
1734602993.9570496,48,128,113
1734602994.0101757,116,133,169
1734602994.1389499,43,226,87
1734602994.2445853,0,240,61
1734602994.3065617,32,221,169
1734602994.3780427,283,241,399
1734602994.4252996,797,667,817
1734602994.4915636,0,6,100
1734602994.5560288,0,0,29
1734602994.67825,5,0,117
1734602994.7374237,139,59,207
1734602994.7954736,0,0,70
1734602994.8495893,416,0,439
1734602994.9789803,0,1133,80
1734602995.0368495,1596,1248,1351
1734602995.0914564,272,564,292
1734602995.1542447,0,163,0
1734602995.211436,0,165,48
1734602995.2794223,290,104,277
1734602995.3237298,336,134,299
1734602995.3957572,152,48,144
1734602995.502785,959,850,0
1734602995.5805488,0,5,3776
1734602995.6309326,0,0,3760
1734602995.699412,0,0,3914
1734602995.7598863,64,0,179
1734602995.8162253,17,0,69
1734602995.87712,195,35,255
1734602995.9378166,0,0,61
1734602995.99449,402,267,399
1734602996.1150658,82,2,128
1734602996.1780322,336,0,398
1734602996.2377224,434,0,567
1734602996.2864113,0,1515,113
1734602996.3495467,0,410,0
1734602996.4132342,0,242,0
1734602996.4787545,27,212,80
1734602996.5378275,729,301,652
1734602996.5979455,321,400,257
1734602996.6563077,65,0,94
1734602996.716301,259,177,252
1734602996.838083,0,77,3211
1734602996.8989978,0,0,3795
1734602996.9536757,0,689,3620
1734602997.0208154,226,0,551
1734602997.0759542,0,314,68
1734602997.1360233,0,0,94
1734602997.2568116,158,0,194
1734602997.317291,14,40,63
1734602997.3782358,686,0,649
1734602997.4384956,1760,0,1535
1734602997.496321,0,819,35
1734602997.5573409,1712,716,1465
1734602997.6169746,0,365,0
1734602997.6774921,0,287,80
1734602997.7254717,0,156,171
1734602997.7987034,294,80,403
1734602997.8574448,623,136,627
1734602997.9169986,95,16,161
1734602997.9778335,139,180,192
1734602998.0372796,0,59,3243
1734602998.0960426,0,16,3798
1734602998.155761,0,0,3808
1734602998.2155635,0,0,3840
1734602998.2830935,0,21,158
1734602998.3371196,112,0,192
1734602998.3981035,96,0,181
1734602998.457226,112,24,190
1734602998.5178635,142,17,211
1734602998.5774438,37,28,116
1734602998.6291096,34,0,107
1734602998.6975994,134,97,206
1734602998.7581906,2160,0,1927
1734602998.81706,0,878,70
1734602998.8779085,1389,834,1220
1734602998.9390216,0,341,0
1734602999.0602803,0,22,16
1734602999.1173368,342,358,375
1734602999.177903,0,37,64
1734602999.2378967,283,240,353
1734602999.3550572,183,209,272
1734602999.4173913,0,192,3863
1734602999.4795365,0,0,3839
1734602999.5373843,0,0,3874
1734602999.5976772,0,0,106
1734602999.657312,211,0,255
1734602999.7177253,95,0,192
1734602999.775208,131,55,225
1734602999.8923466,1,48,66
1734602999.9568648,973,0,929
1734603000.0133703,337,64,367
1734603000.0776021,852,0,787
1734603000.1378706,212,0,247
1734603000.197154,209,365,247
1734603000.3163016,0,209,0
1734603000.3785472,464,498,479
1734603000.4368582,29,47,95
1734603000.4973397,128,122,176
1734603000.557926,119,107,171
1734603000.613401,267,206,285
1734603000.6797116,0,159,187
1734603000.800797,0,727,3619
1734603000.8544471,0,778,3632
1734603000.9210627,0,144,336
1734603000.9785619,432,246,464
1734603001.037577,77,0,135
1734603001.0989473,464,265,496
1734603001.1582491,56,0,140
1734603001.2735713,144,0,190
1734603001.340389,101,0,177
1734603001.3972082,1738,0,1590
1734603001.456943,0,1413,66
1734603001.5175798,1003,894,909
1734603001.5721226,0,494,0
1734603001.7541595,304,382,384
1734603001.8154812,1302,875,1113
1734603001.8783653,554,347,529
1734603001.9341621,0,122,11
1734603001.9963095,0,41,618
1734603002.0530522,78,165,761
1734603002.1180086,7,208,3408
1734603002.2385705,0,0,211
1734603002.2951646,137,37,215
1734603002.355698,13,0,128
1734603002.4089012,230,176,314
1734603002.4767487,144,112,215
1734603002.594112,273,0,331
1734603002.7753825,0,403,30
1734603002.8325403,0,503,0
1734603002.9538846,0,95,16
1734603003.0181649,43,64,137
1734603003.0781999,293,401,320
1734603003.1342812,103,215,164
1734603003.2563818,0,36,83
1734603003.3168886,0,27,3327
1734603003.378249,0,132,3134
1734603003.4350955,0,448,3508
1734603003.4977849,0,0,409
1734603003.558704,153,176,227
1734603003.6193333,0,23,104
1734603003.6775336,237,187,288
1734603003.7989876,34,81,109
1734603003.8562768,0,47,2
1734603003.910292,36,0,109
1734603003.9788747,173,188,239
1734603004.0387797,679,0,708
1734603004.0979693,0,200,20
1734603004.2139025,83,408,144
1734603004.278346,0,11,0
1734603004.3946624,289,195,323
1734603004.463346,288,40,335
1734603004.6344976,0,0,66
1734603004.6994944,389,62,450
1734603004.8100996,531,705,624
1734603004.9350986,85,40,198
1734603004.997869,277,181,357
1734603005.0587068,322,182,397
1734603005.1110158,0,47,29
1734603005.1752973,0,109,0
1734603005.2281559,53,0,143
1734603005.2983294,1047,78,958
1734603005.358985,0,171,49
1734603005.4026518,50,101,162
1734603005.4764776,0,663,0
1734603005.5388196,68,557,102
1734603005.5962265,48,43,131
1734603005.6551085,319,48,355
1734603005.703739,494,70,498
1734603005.777632,336,39,361
1734603005.8321116,0,116,43
1734603005.958333,315,0,226
1734603006.018238,913,364,0
1734603006.0774362,0,0,3828
1734603006.13712,690,557,774
1734603006.1967378,141,0,342
1734603006.2575815,13,0,167
